-- MySQL dump 10.13  Distrib 8.0.35, for Linux (x86_64)
--
-- Host: localhost    Database: nubaiwebsite
-- ------------------------------------------------------
-- Server version	8.0.35

/*!40101 SET @OLD_CHARACTER_SET_CLIENT=@@CHARACTER_SET_CLIENT */;
/*!40101 SET @OLD_CHARACTER_SET_RESULTS=@@CHARACTER_SET_RESULTS */;
/*!40101 SET @OLD_COLLATION_CONNECTION=@@COLLATION_CONNECTION */;
/*!50503 SET NAMES utf8mb4 */;
/*!40103 SET @OLD_TIME_ZONE=@@TIME_ZONE */;
/*!40103 SET TIME_ZONE='+00:00' */;
/*!40014 SET @OLD_UNIQUE_CHECKS=@@UNIQUE_CHECKS, UNIQUE_CHECKS=0 */;
/*!40014 SET @OLD_FOREIGN_KEY_CHECKS=@@FOREIGN_KEY_CHECKS, FOREIGN_KEY_CHECKS=0 */;
/*!40101 SET @OLD_SQL_MODE=@@SQL_MODE, SQL_MODE='NO_AUTO_VALUE_ON_ZERO' */;
/*!40111 SET @OLD_SQL_NOTES=@@SQL_NOTES, SQL_NOTES=0 */;

--
-- Table structure for table `bolt_content`
--

DROP TABLE IF EXISTS `bolt_content`;
/*!40101 SET @saved_cs_client     = @@character_set_client */;
/*!50503 SET character_set_client = utf8mb4 */;
CREATE TABLE `bolt_content` (
  `id` int NOT NULL AUTO_INCREMENT,
  `author_id` int DEFAULT NULL,
  `content_type` varchar(191) COLLATE utf8mb4_unicode_ci NOT NULL,
  `status` varchar(191) COLLATE utf8mb4_unicode_ci NOT NULL,
  `created_at` datetime NOT NULL,
  `modified_at` datetime DEFAULT NULL,
  `published_at` datetime DEFAULT NULL,
  `depublished_at` datetime DEFAULT NULL,
  PRIMARY KEY (`id`),
  KEY `IDX_F5AB2E9CF675F31B` (`author_id`),
  KEY `content_type_idx` (`content_type`),
  KEY `status_idx` (`status`),
  CONSTRAINT `FK_F5AB2E9CF675F31B` FOREIGN KEY (`author_id`) REFERENCES `bolt_user` (`id`)
) ENGINE=InnoDB AUTO_INCREMENT=11 DEFAULT CHARSET=utf8mb4 COLLATE=utf8mb4_unicode_ci;
/*!40101 SET character_set_client = @saved_cs_client */;

--
-- Dumping data for table `bolt_content`
--

LOCK TABLES `bolt_content` WRITE;
/*!40000 ALTER TABLE `bolt_content` DISABLE KEYS */;
INSERT INTO `bolt_content` VALUES (1,1,'homepage','published','2023-11-16 13:40:56','2023-11-16 13:40:56','2023-11-16 14:40:21',NULL),(6,1,'services','published','2023-12-04 17:05:25','2024-01-13 23:03:59','2023-12-05 03:02:04',NULL),(7,1,'services','published','2023-12-04 17:23:27','2024-01-13 23:02:37','2023-12-05 03:18:37',NULL),(8,1,'services','published','2023-12-04 17:33:19','2024-01-13 23:03:12','2023-12-04 23:31:48',NULL),(10,1,'blocks','published','2023-12-07 19:38:33','2023-12-07 19:39:32','2023-12-07 21:37:24',NULL);
/*!40000 ALTER TABLE `bolt_content` ENABLE KEYS */;
UNLOCK TABLES;

--
-- Table structure for table `bolt_field`
--

DROP TABLE IF EXISTS `bolt_field`;
/*!40101 SET @saved_cs_client     = @@character_set_client */;
/*!50503 SET character_set_client = utf8mb4 */;
CREATE TABLE `bolt_field` (
  `id` int NOT NULL AUTO_INCREMENT,
  `content_id` int NOT NULL,
  `parent_id` int DEFAULT NULL,
  `name` varchar(191) COLLATE utf8mb4_unicode_ci NOT NULL,
  `sortorder` int NOT NULL,
  `version` int DEFAULT NULL,
  `type` varchar(191) COLLATE utf8mb4_unicode_ci NOT NULL,
  PRIMARY KEY (`id`),
  KEY `IDX_4A2EBBE584A0A3ED` (`content_id`),
  KEY `IDX_4A2EBBE5727ACA70` (`parent_id`),
  CONSTRAINT `FK_4A2EBBE5727ACA70` FOREIGN KEY (`parent_id`) REFERENCES `bolt_field` (`id`) ON DELETE CASCADE,
  CONSTRAINT `FK_4A2EBBE584A0A3ED` FOREIGN KEY (`content_id`) REFERENCES `bolt_content` (`id`)
) ENGINE=InnoDB AUTO_INCREMENT=59 DEFAULT CHARSET=utf8mb4 COLLATE=utf8mb4_unicode_ci;
/*!40101 SET character_set_client = @saved_cs_client */;

--
-- Dumping data for table `bolt_field`
--

LOCK TABLES `bolt_field` WRITE;
/*!40000 ALTER TABLE `bolt_field` DISABLE KEYS */;
INSERT INTO `bolt_field` VALUES (1,1,NULL,'slug',0,NULL,'slug'),(2,1,NULL,'introduction',0,NULL,'redactor'),(3,1,NULL,'content',0,NULL,'redactor'),(4,1,NULL,'image',0,NULL,'image'),(5,1,NULL,'title',0,NULL,'text'),(6,1,NULL,'contentlink',0,NULL,'text'),(30,6,NULL,'template',0,NULL,'templateselect'),(31,6,NULL,'slug',0,NULL,'slug'),(32,6,NULL,'body',0,NULL,'redactor'),(33,6,NULL,'image',0,NULL,'image'),(34,6,NULL,'title',0,NULL,'text'),(35,7,NULL,'template',0,NULL,'templateselect'),(36,7,NULL,'slug',0,NULL,'slug'),(37,7,NULL,'body',0,NULL,'redactor'),(38,7,NULL,'image',0,NULL,'image'),(39,7,NULL,'title',0,NULL,'text'),(40,8,NULL,'template',0,NULL,'templateselect'),(41,8,NULL,'slug',0,NULL,'slug'),(42,8,NULL,'body',0,NULL,'redactor'),(43,8,NULL,'image',0,NULL,'image'),(44,8,NULL,'title',0,NULL,'text'),(45,6,NULL,'card_title',0,NULL,'text'),(46,8,NULL,'card_title',0,NULL,'text'),(47,7,NULL,'card_title',0,NULL,'text'),(53,10,NULL,'slug',0,NULL,'slug'),(54,10,NULL,'teaser',0,NULL,'redactor'),(55,10,NULL,'content',0,NULL,'redactor'),(56,10,NULL,'image',0,NULL,'image'),(57,10,NULL,'title',0,NULL,'text'),(58,10,NULL,'contentlink',0,NULL,'text');
/*!40000 ALTER TABLE `bolt_field` ENABLE KEYS */;
UNLOCK TABLES;

--
-- Table structure for table `bolt_field_translation`
--

DROP TABLE IF EXISTS `bolt_field_translation`;
/*!40101 SET @saved_cs_client     = @@character_set_client */;
/*!50503 SET character_set_client = utf8mb4 */;
CREATE TABLE `bolt_field_translation` (
  `id` int NOT NULL AUTO_INCREMENT,
  `translatable_id` int DEFAULT NULL,
  `value` json NOT NULL,
  `locale` varchar(5) COLLATE utf8mb4_unicode_ci NOT NULL,
  PRIMARY KEY (`id`),
  UNIQUE KEY `field_translation_unique_translation` (`translatable_id`,`locale`),
  KEY `IDX_5C60C0542C2AC5D3` (`translatable_id`),
  CONSTRAINT `FK_5C60C0542C2AC5D3` FOREIGN KEY (`translatable_id`) REFERENCES `bolt_field` (`id`) ON DELETE CASCADE
) ENGINE=InnoDB AUTO_INCREMENT=73 DEFAULT CHARSET=utf8mb4 COLLATE=utf8mb4_unicode_ci;
/*!40101 SET character_set_client = @saved_cs_client */;

--
-- Dumping data for table `bolt_field_translation`
--

LOCK TABLES `bolt_field_translation` WRITE;
/*!40000 ALTER TABLE `bolt_field_translation` DISABLE KEYS */;
INSERT INTO `bolt_field_translation` VALUES (1,5,'[\"Homepage\"]','en'),(2,4,'{\"0\": \"\", \"alt\": \"\", \"media\": \"\", \"filename\": \"\"}','en'),(3,2,'[\"\"]','en'),(4,3,'[\"\"]','en'),(5,6,'[\"\"]','en'),(6,1,'[\"homepage\"]','en'),(32,34,'[\"Serviço firewall router pfSense\"]','pt_BR'),(33,33,'{\"0\": \"pfsense-logo-mod.png\", \"alt\": \"pfsense-logo\", \"media\": 8, \"filename\": \"services/2024/01/pfsense-logo-mod.png\"}','pt_BR'),(34,32,'[\"<p>O <strong>pfSense®</strong> é uma poderosa solução de firewall/router que protege sua rede contra intruções, ameaças cibernéticas e oferece controle total sobre o tráfego. Com sua comunidade ativa de usuários e recursos avançados, é uma escolha sólida para qualquer entidade preocupada com a segurança da sua rede.</p>\"]','pt_BR'),(35,31,'[\"servico-firewall-router-pfsense\"]','pt_BR'),(36,30,'[\"\"]','pt_BR'),(37,32,'[\"<p><strong>pfSense®</strong> is a powerful firewall/router solution that protects your network against intrusions, cyber threats and offers complete control over traffic. With its active user community and advanced features, it is a solid choice for any entity concerned about their network security.</p>\"]','en'),(38,34,'[\"pfSense firewall/router Service\"]','en'),(39,39,'[\"Serviço antivirus empresas Kaspersky\"]','pt_BR'),(40,38,'{\"0\": \"\", \"alt\": \"kaspersky-logo\", \"media\": 10, \"filename\": \"services/2024/01/kaspersky-logo-mod.png\"}','pt_BR'),(41,37,'[\"<p>As solucões empresariais <strong>Kaspersky</strong> mantém sua atividade digital totalmente segura e protegida. A proteção completa bloqueia todas as ameaças, de malware e vírus a ransomware e aplicativos espiões, para ter a segurança de estar sempre com proteção total.</p>\"]','pt_BR'),(42,36,'[\"servico-antivirus-empresas-kaspersky\"]','pt_BR'),(43,35,'[\"\"]','pt_BR'),(44,37,'[\"<p><strong>Kaspersky</strong> business solutions keep your digital activity completely safe and secure. Complete protection blocks all threats, from malware and viruses to ransomware and spy apps, so you can rest assured that you\'re always fully protected.</p>\"]','en'),(45,39,'[\"Kaspersky enterprise solutions service\"]','en'),(46,44,'[\"Serviço conectividade OpenVPN\"]','pt_BR'),(47,43,'{\"0\": \"openvpn-logo-mod.png\", \"alt\": \"openvpn-logo\", \"media\": 9, \"filename\": \"services/2024/01/openvpn-logo-mod.png\"}','pt_BR'),(48,42,'[\"<p>Utilizando o protocolo <strong>OpenVPN</strong> conectamos seus escritorios e filiais em localizações distantes criando uma rede única. Desta maneira seus colaboradores compartilham recursos e centralizam as bases de dados de sistemas de gestão num ambiente protegido pela criptografía de ponta-a-ponta.</p>\"]','pt_BR'),(49,41,'[\"servico-conectividade-openvpn\"]','pt_BR'),(50,40,'[\"\"]','pt_BR'),(51,42,'[\"<p>Using the <strong>OpenVPN</strong> protocol we connect your offices and branches in distant locations creating a single network. This way, your employees share resources and centralize management system databases in an environment protected by end-to-end encryption.</p>\"]','en'),(52,44,'[\"OpenVPN connectivity service\"]','en'),(53,45,'[\"Instale seu próprio firewall\"]','pt_BR'),(54,45,'[\"Install your own firewall\"]','en'),(55,46,'[\"Interconecte seus escritórios e filiais\"]','pt_BR'),(56,46,'[\"Connect your offices and branches\"]','en'),(57,47,'[\"Utilize uma solucao anti-malware robusta\"]','pt_BR'),(58,47,'[\"Implement a robust anti-malware solution\"]','en'),(66,57,'[\"website warning\"]','pt_BR'),(67,56,'{\"0\": \"\", \"alt\": \"\", \"media\": \"\", \"filename\": \"\"}','pt_BR'),(68,54,'[\"\"]','pt_BR'),(69,55,'[\"<p>A publicação deste site é puramente por razões acadêmicas e educacionais em termos de desenvolvimento web back-end. Não representamos nenhuma empresa ou entidade oficial.</p>\"]','pt_BR'),(70,58,'[\"\"]','pt_BR'),(71,53,'[\"website-warning\"]','pt_BR'),(72,55,'[\"<p>The publication of this website is purely for academic and educational reasons in terms of back-end web development. We do not represent any company or official entity.</p>\"]','en');
/*!40000 ALTER TABLE `bolt_field_translation` ENABLE KEYS */;
UNLOCK TABLES;

--
-- Table structure for table `bolt_log`
--

DROP TABLE IF EXISTS `bolt_log`;
/*!40101 SET @saved_cs_client     = @@character_set_client */;
/*!50503 SET character_set_client = utf8mb4 */;
CREATE TABLE `bolt_log` (
  `id` int NOT NULL AUTO_INCREMENT,
  `message` longtext COLLATE utf8mb4_unicode_ci NOT NULL,
  `context` longtext COLLATE utf8mb4_unicode_ci COMMENT '(DC2Type:array)',
  `level` smallint NOT NULL,
  `level_name` varchar(50) COLLATE utf8mb4_unicode_ci NOT NULL,
  `created_at` datetime NOT NULL,
  `extra` longtext COLLATE utf8mb4_unicode_ci COMMENT '(DC2Type:array)',
  `user` longtext COLLATE utf8mb4_unicode_ci COMMENT '(DC2Type:array)',
  `content` int DEFAULT NULL,
  `location` longtext COLLATE utf8mb4_unicode_ci COMMENT '(DC2Type:array)',
  PRIMARY KEY (`id`)
) ENGINE=InnoDB AUTO_INCREMENT=67 DEFAULT CHARSET=utf8mb4 COLLATE=utf8mb4_unicode_ci;
/*!40101 SET character_set_client = @saved_cs_client */;

--
-- Dumping data for table `bolt_log`
--

LOCK TABLES `bolt_log` WRITE;
/*!40000 ALTER TABLE `bolt_log` DISABLE KEYS */;
INSERT INTO `bolt_log` VALUES (1,'Saved content \"{title}\" ({content_type} № {content_id})','a:3:{s:10:\"content_id\";i:1;s:12:\"content_type\";s:8:\"homepage\";s:5:\"title\";s:8:\"Homepage\";}',200,'INFO','2023-11-16 12:40:56','a:5:{s:9:\"client_ip\";s:9:\"127.0.0.1\";s:11:\"client_port\";i:8000;s:3:\"uri\";s:39:\"http://127.0.0.1:8000/bolt/new/homepage\";s:12:\"query_string\";N;s:6:\"method\";s:4:\"POST\";}','a:3:{s:2:\"id\";i:1;s:8:\"username\";s:5:\"admin\";s:5:\"roles\";a:1:{i:0;s:10:\"ROLE_ADMIN\";}}',1,'a:5:{s:4:\"file\";s:61:\"…/vendor/symfony/event-dispatcher/Debug/WrappedListener.php\";s:4:\"line\";i:117;s:5:\"class\";s:55:\"Symfony\\Component\\EventDispatcher\\Debug\\WrappedListener\";s:4:\"type\";s:2:\"->\";s:8:\"function\";s:8:\"__invoke\";}'),(2,'User \'{username}\' logged out (manually, auth_token: {token_id}, {ip})','a:4:{s:2:\"id\";i:1;s:8:\"username\";s:5:\"admin\";s:8:\"token_id\";i:2;s:2:\"ip\";s:9:\"127.0.0.1\";}',250,'NOTICE','2023-11-22 10:48:02','a:5:{s:9:\"client_ip\";s:9:\"127.0.0.1\";s:11:\"client_port\";i:8000;s:3:\"uri\";s:33:\"http://127.0.0.1:8000/bolt/logout\";s:12:\"query_string\";N;s:6:\"method\";s:3:\"GET\";}','a:3:{s:2:\"id\";i:1;s:8:\"username\";s:5:\"admin\";s:5:\"roles\";a:1:{i:0;s:10:\"ROLE_ADMIN\";}}',NULL,'a:5:{s:4:\"file\";s:55:\"…/vendor/symfony/event-dispatcher/EventDispatcher.php\";s:4:\"line\";i:270;s:5:\"class\";s:49:\"Symfony\\Component\\EventDispatcher\\EventDispatcher\";s:4:\"type\";s:2:\"::\";s:8:\"function\";s:43:\"Symfony\\Component\\EventDispatcher\\{closure}\";}'),(3,'User \'{username}\' logged out (manually, auth_token: {token_id}, {ip})','a:4:{s:2:\"id\";i:1;s:8:\"username\";s:5:\"admin\";s:8:\"token_id\";i:3;s:2:\"ip\";s:9:\"127.0.0.1\";}',250,'NOTICE','2023-11-25 23:53:18','a:5:{s:9:\"client_ip\";s:9:\"127.0.0.1\";s:11:\"client_port\";i:8000;s:3:\"uri\";s:33:\"http://127.0.0.1:8000/bolt/logout\";s:12:\"query_string\";N;s:6:\"method\";s:3:\"GET\";}','a:3:{s:2:\"id\";i:1;s:8:\"username\";s:5:\"admin\";s:5:\"roles\";a:1:{i:0;s:10:\"ROLE_ADMIN\";}}',NULL,'a:5:{s:4:\"file\";s:55:\"…/vendor/symfony/event-dispatcher/EventDispatcher.php\";s:4:\"line\";i:270;s:5:\"class\";s:49:\"Symfony\\Component\\EventDispatcher\\EventDispatcher\";s:4:\"type\";s:2:\"::\";s:8:\"function\";s:43:\"Symfony\\Component\\EventDispatcher\\{closure}\";}'),(4,'Saved content \"{title}\" ({content_type} № {content_id})','a:3:{s:10:\"content_id\";i:2;s:12:\"content_type\";s:5:\"pages\";s:5:\"title\";s:32:\"Serviço firewall router pfSense\";}',200,'INFO','2023-11-29 11:29:16','a:5:{s:9:\"client_ip\";s:9:\"127.0.0.1\";s:11:\"client_port\";i:8000;s:3:\"uri\";s:36:\"http://127.0.0.1:8000/bolt/new/pages\";s:12:\"query_string\";N;s:6:\"method\";s:4:\"POST\";}','a:3:{s:2:\"id\";i:1;s:8:\"username\";s:5:\"admin\";s:5:\"roles\";a:1:{i:0;s:10:\"ROLE_ADMIN\";}}',2,'a:5:{s:4:\"file\";s:61:\"…/vendor/symfony/event-dispatcher/Debug/WrappedListener.php\";s:4:\"line\";i:117;s:5:\"class\";s:55:\"Symfony\\Component\\EventDispatcher\\Debug\\WrappedListener\";s:4:\"type\";s:2:\"->\";s:8:\"function\";s:8:\"__invoke\";}'),(5,'Saved content \"{title}\" ({content_type} № {content_id})','a:3:{s:10:\"content_id\";i:3;s:12:\"content_type\";s:5:\"pages\";s:5:\"title\";s:37:\"Serviço antivirus empresas Kaspersky\";}',200,'INFO','2023-11-29 11:42:57','a:5:{s:9:\"client_ip\";s:9:\"127.0.0.1\";s:11:\"client_port\";i:8000;s:3:\"uri\";s:36:\"http://127.0.0.1:8000/bolt/new/pages\";s:12:\"query_string\";N;s:6:\"method\";s:4:\"POST\";}','a:3:{s:2:\"id\";i:1;s:8:\"username\";s:5:\"admin\";s:5:\"roles\";a:1:{i:0;s:10:\"ROLE_ADMIN\";}}',3,'a:5:{s:4:\"file\";s:61:\"…/vendor/symfony/event-dispatcher/Debug/WrappedListener.php\";s:4:\"line\";i:117;s:5:\"class\";s:55:\"Symfony\\Component\\EventDispatcher\\Debug\\WrappedListener\";s:4:\"type\";s:2:\"->\";s:8:\"function\";s:8:\"__invoke\";}'),(6,'Saved content \"{title}\" ({content_type} № {content_id})','a:3:{s:10:\"content_id\";i:4;s:12:\"content_type\";s:5:\"pages\";s:5:\"title\";s:30:\"Serviço conectividade OpenVPN\";}',200,'INFO','2023-11-29 11:45:52','a:5:{s:9:\"client_ip\";s:9:\"127.0.0.1\";s:11:\"client_port\";i:8000;s:3:\"uri\";s:36:\"http://127.0.0.1:8000/bolt/new/pages\";s:12:\"query_string\";N;s:6:\"method\";s:4:\"POST\";}','a:3:{s:2:\"id\";i:1;s:8:\"username\";s:5:\"admin\";s:5:\"roles\";a:1:{i:0;s:10:\"ROLE_ADMIN\";}}',4,'a:5:{s:4:\"file\";s:61:\"…/vendor/symfony/event-dispatcher/Debug/WrappedListener.php\";s:4:\"line\";i:117;s:5:\"class\";s:55:\"Symfony\\Component\\EventDispatcher\\Debug\\WrappedListener\";s:4:\"type\";s:2:\"->\";s:8:\"function\";s:8:\"__invoke\";}'),(7,'Saved content \"{title}\" ({content_type} № {content_id})','a:3:{s:10:\"content_id\";i:3;s:12:\"content_type\";s:5:\"pages\";s:5:\"title\";s:37:\"Serviço antivirus empresas Kaspersky\";}',200,'INFO','2023-11-29 11:48:50','a:5:{s:9:\"client_ip\";s:9:\"127.0.0.1\";s:11:\"client_port\";i:8000;s:3:\"uri\";s:33:\"http://127.0.0.1:8000/bolt/edit/3\";s:12:\"query_string\";N;s:6:\"method\";s:4:\"POST\";}','a:3:{s:2:\"id\";i:1;s:8:\"username\";s:5:\"admin\";s:5:\"roles\";a:1:{i:0;s:10:\"ROLE_ADMIN\";}}',3,'a:5:{s:4:\"file\";s:61:\"…/vendor/symfony/event-dispatcher/Debug/WrappedListener.php\";s:4:\"line\";i:117;s:5:\"class\";s:55:\"Symfony\\Component\\EventDispatcher\\Debug\\WrappedListener\";s:4:\"type\";s:2:\"->\";s:8:\"function\";s:8:\"__invoke\";}'),(8,'User \'{username}\' logged out (manually, auth_token: {token_id}, {ip})','a:4:{s:2:\"id\";i:1;s:8:\"username\";s:5:\"admin\";s:8:\"token_id\";i:4;s:2:\"ip\";s:9:\"127.0.0.1\";}',250,'NOTICE','2023-11-29 12:41:41','a:5:{s:9:\"client_ip\";s:9:\"127.0.0.1\";s:11:\"client_port\";i:8000;s:3:\"uri\";s:33:\"http://127.0.0.1:8000/bolt/logout\";s:12:\"query_string\";N;s:6:\"method\";s:3:\"GET\";}','a:3:{s:2:\"id\";i:1;s:8:\"username\";s:5:\"admin\";s:5:\"roles\";a:1:{i:0;s:10:\"ROLE_ADMIN\";}}',NULL,'a:5:{s:4:\"file\";s:55:\"…/vendor/symfony/event-dispatcher/EventDispatcher.php\";s:4:\"line\";i:270;s:5:\"class\";s:49:\"Symfony\\Component\\EventDispatcher\\EventDispatcher\";s:4:\"type\";s:2:\"::\";s:8:\"function\";s:43:\"Symfony\\Component\\EventDispatcher\\{closure}\";}'),(9,'User \'{username}\' logged out (manually, auth_token: {token_id}, {ip})','a:4:{s:2:\"id\";i:1;s:8:\"username\";s:5:\"admin\";s:8:\"token_id\";i:5;s:2:\"ip\";s:9:\"127.0.0.1\";}',250,'NOTICE','2023-12-02 20:53:28','a:5:{s:9:\"client_ip\";s:9:\"127.0.0.1\";s:11:\"client_port\";i:8000;s:3:\"uri\";s:33:\"http://127.0.0.1:8000/bolt/logout\";s:12:\"query_string\";N;s:6:\"method\";s:3:\"GET\";}','a:3:{s:2:\"id\";i:1;s:8:\"username\";s:5:\"admin\";s:5:\"roles\";a:1:{i:0;s:10:\"ROLE_ADMIN\";}}',NULL,'a:5:{s:4:\"file\";s:55:\"…/vendor/symfony/event-dispatcher/EventDispatcher.php\";s:4:\"line\";i:270;s:5:\"class\";s:49:\"Symfony\\Component\\EventDispatcher\\EventDispatcher\";s:4:\"type\";s:2:\"::\";s:8:\"function\";s:43:\"Symfony\\Component\\EventDispatcher\\{closure}\";}'),(10,'Saved content \"{title}\" ({content_type} № {content_id})','a:3:{s:10:\"content_id\";i:5;s:12:\"content_type\";s:8:\"services\";s:5:\"title\";s:32:\"Serviço firewall router pfSense\";}',200,'INFO','2023-12-04 10:10:20','a:5:{s:9:\"client_ip\";s:9:\"127.0.0.1\";s:11:\"client_port\";i:8000;s:3:\"uri\";s:39:\"http://127.0.0.1:8000/bolt/new/services\";s:12:\"query_string\";N;s:6:\"method\";s:4:\"POST\";}','a:3:{s:2:\"id\";i:1;s:8:\"username\";s:5:\"admin\";s:5:\"roles\";a:1:{i:0;s:10:\"ROLE_ADMIN\";}}',5,'a:5:{s:4:\"file\";s:61:\"…/vendor/symfony/event-dispatcher/Debug/WrappedListener.php\";s:4:\"line\";i:117;s:5:\"class\";s:55:\"Symfony\\Component\\EventDispatcher\\Debug\\WrappedListener\";s:4:\"type\";s:2:\"->\";s:8:\"function\";s:8:\"__invoke\";}'),(11,'Saved content \"{title}\" ({content_type} № {content_id})','a:3:{s:10:\"content_id\";i:5;s:12:\"content_type\";s:8:\"services\";s:5:\"title\";s:32:\"Serviço firewall router pfSense\";}',200,'INFO','2023-12-04 10:11:41','a:5:{s:9:\"client_ip\";s:9:\"127.0.0.1\";s:11:\"client_port\";i:8000;s:3:\"uri\";s:51:\"http://127.0.0.1:8000/bolt/edit/5?edit_locale=pt_BR\";s:12:\"query_string\";s:17:\"edit_locale=pt_BR\";s:6:\"method\";s:4:\"POST\";}','a:3:{s:2:\"id\";i:1;s:8:\"username\";s:5:\"admin\";s:5:\"roles\";a:1:{i:0;s:10:\"ROLE_ADMIN\";}}',5,'a:5:{s:4:\"file\";s:61:\"…/vendor/symfony/event-dispatcher/Debug/WrappedListener.php\";s:4:\"line\";i:117;s:5:\"class\";s:55:\"Symfony\\Component\\EventDispatcher\\Debug\\WrappedListener\";s:4:\"type\";s:2:\"->\";s:8:\"function\";s:8:\"__invoke\";}'),(12,'Saved content \"{title}\" ({content_type} № {content_id})','a:3:{s:10:\"content_id\";i:5;s:12:\"content_type\";s:8:\"services\";s:5:\"title\";s:31:\"Service firewall router pfSense\";}',200,'INFO','2023-12-04 10:15:36','a:5:{s:9:\"client_ip\";s:9:\"127.0.0.1\";s:11:\"client_port\";i:8000;s:3:\"uri\";s:89:\"http://127.0.0.1:8000/bolt/edit/5?edit_locale=en&slugOrId=servico-firewall-router-pfsense\";s:12:\"query_string\";s:55:\"edit_locale=en&slugOrId=servico-firewall-router-pfsense\";s:6:\"method\";s:4:\"POST\";}','a:3:{s:2:\"id\";i:1;s:8:\"username\";s:5:\"admin\";s:5:\"roles\";a:1:{i:0;s:10:\"ROLE_ADMIN\";}}',5,'a:5:{s:4:\"file\";s:61:\"…/vendor/symfony/event-dispatcher/Debug/WrappedListener.php\";s:4:\"line\";i:117;s:5:\"class\";s:55:\"Symfony\\Component\\EventDispatcher\\Debug\\WrappedListener\";s:4:\"type\";s:2:\"->\";s:8:\"function\";s:8:\"__invoke\";}'),(13,'Deleted content \"{title}\" ({content_type} № {content_id})','a:3:{s:10:\"content_id\";i:5;s:12:\"content_type\";s:8:\"services\";s:5:\"title\";s:31:\"Service firewall router pfSense\";}',200,'INFO','2023-12-04 10:40:39','a:5:{s:9:\"client_ip\";s:9:\"127.0.0.1\";s:11:\"client_port\";i:8000;s:3:\"uri\";s:157:\"http://127.0.0.1:8000/bolt/delete/5?token=174d0dcfb977.K_kjYlhhF2GYmZcOv8saQOxzzWMS9txkNWW4SbiUZm4.erBZCglRbjDHqtto9Il0dK8d4A8mtIQPbz_iAIrbKz5Fpk1bEjRFCfHszg\";s:12:\"query_string\";s:121:\"token=174d0dcfb977.K_kjYlhhF2GYmZcOv8saQOxzzWMS9txkNWW4SbiUZm4.erBZCglRbjDHqtto9Il0dK8d4A8mtIQPbz_iAIrbKz5Fpk1bEjRFCfHszg\";s:6:\"method\";s:3:\"GET\";}','a:3:{s:2:\"id\";i:1;s:8:\"username\";s:5:\"admin\";s:5:\"roles\";a:1:{i:0;s:10:\"ROLE_ADMIN\";}}',5,'a:5:{s:4:\"file\";s:61:\"…/vendor/symfony/event-dispatcher/Debug/WrappedListener.php\";s:4:\"line\";i:117;s:5:\"class\";s:55:\"Symfony\\Component\\EventDispatcher\\Debug\\WrappedListener\";s:4:\"type\";s:2:\"->\";s:8:\"function\";s:8:\"__invoke\";}'),(14,'Deleted content \"{title}\" ({content_type} № {content_id})','a:3:{s:10:\"content_id\";i:2;s:12:\"content_type\";s:5:\"pages\";s:5:\"title\";s:10:\"(untitled)\";}',200,'INFO','2023-12-04 15:17:29','a:5:{s:9:\"client_ip\";s:9:\"127.0.0.1\";s:11:\"client_port\";i:8000;s:3:\"uri\";s:150:\"http://127.0.0.1:8000/bolt/delete/2?token=1d043.pMfTyOY3C2RibcJBKFqLvro3OvA1EpAvLFgv8J2Gnpg.9bX-oocCWSIPDIosWyjB1pcGcJpnRsIXQjdNodvV0v3Xpomkin1mFSsXoQ\";s:12:\"query_string\";s:114:\"token=1d043.pMfTyOY3C2RibcJBKFqLvro3OvA1EpAvLFgv8J2Gnpg.9bX-oocCWSIPDIosWyjB1pcGcJpnRsIXQjdNodvV0v3Xpomkin1mFSsXoQ\";s:6:\"method\";s:3:\"GET\";}','a:3:{s:2:\"id\";i:1;s:8:\"username\";s:5:\"admin\";s:5:\"roles\";a:1:{i:0;s:10:\"ROLE_ADMIN\";}}',2,'a:5:{s:4:\"file\";s:61:\"…/vendor/symfony/event-dispatcher/Debug/WrappedListener.php\";s:4:\"line\";i:117;s:5:\"class\";s:55:\"Symfony\\Component\\EventDispatcher\\Debug\\WrappedListener\";s:4:\"type\";s:2:\"->\";s:8:\"function\";s:8:\"__invoke\";}'),(15,'Deleted content \"{title}\" ({content_type} № {content_id})','a:3:{s:10:\"content_id\";i:3;s:12:\"content_type\";s:5:\"pages\";s:5:\"title\";s:10:\"(untitled)\";}',200,'INFO','2023-12-04 15:17:51','a:5:{s:9:\"client_ip\";s:9:\"127.0.0.1\";s:11:\"client_port\";i:8000;s:3:\"uri\";s:161:\"http://127.0.0.1:8000/bolt/delete/3?token=c87e99cb1a8f86fb.j9SUE6b0hiv0tOPkSpeGajhd1VzkEp_TqE6vEqIwNWs.3qa5ecfB1G2Z1auJOeXMAhVsnza2Rs3rxiHNQ-RjeQ78tc5_yr7rWr3OgA\";s:12:\"query_string\";s:125:\"token=c87e99cb1a8f86fb.j9SUE6b0hiv0tOPkSpeGajhd1VzkEp_TqE6vEqIwNWs.3qa5ecfB1G2Z1auJOeXMAhVsnza2Rs3rxiHNQ-RjeQ78tc5_yr7rWr3OgA\";s:6:\"method\";s:3:\"GET\";}','a:3:{s:2:\"id\";i:1;s:8:\"username\";s:5:\"admin\";s:5:\"roles\";a:1:{i:0;s:10:\"ROLE_ADMIN\";}}',3,'a:5:{s:4:\"file\";s:61:\"…/vendor/symfony/event-dispatcher/Debug/WrappedListener.php\";s:4:\"line\";i:117;s:5:\"class\";s:55:\"Symfony\\Component\\EventDispatcher\\Debug\\WrappedListener\";s:4:\"type\";s:2:\"->\";s:8:\"function\";s:8:\"__invoke\";}'),(16,'Deleted content \"{title}\" ({content_type} № {content_id})','a:3:{s:10:\"content_id\";i:4;s:12:\"content_type\";s:5:\"pages\";s:5:\"title\";s:10:\"(untitled)\";}',200,'INFO','2023-12-04 15:18:16','a:5:{s:9:\"client_ip\";s:9:\"127.0.0.1\";s:11:\"client_port\";i:8000;s:3:\"uri\";s:168:\"http://127.0.0.1:8000/bolt/delete/4?token=dc5c042a5ae4a6d5ffc4b23.1t2j_D2ve_DYLyJxuQzAIPvPuw1VLbEEAhLxF90GbvY.h6-OllyaKba1Tmocyn6KSNb-8WcHeeM8bH2TRptVIpOlvPmQUeUWgZFVQQ\";s:12:\"query_string\";s:132:\"token=dc5c042a5ae4a6d5ffc4b23.1t2j_D2ve_DYLyJxuQzAIPvPuw1VLbEEAhLxF90GbvY.h6-OllyaKba1Tmocyn6KSNb-8WcHeeM8bH2TRptVIpOlvPmQUeUWgZFVQQ\";s:6:\"method\";s:3:\"GET\";}','a:3:{s:2:\"id\";i:1;s:8:\"username\";s:5:\"admin\";s:5:\"roles\";a:1:{i:0;s:10:\"ROLE_ADMIN\";}}',4,'a:5:{s:4:\"file\";s:61:\"…/vendor/symfony/event-dispatcher/Debug/WrappedListener.php\";s:4:\"line\";i:117;s:5:\"class\";s:55:\"Symfony\\Component\\EventDispatcher\\Debug\\WrappedListener\";s:4:\"type\";s:2:\"->\";s:8:\"function\";s:8:\"__invoke\";}'),(17,'Saved content \"{title}\" ({content_type} № {content_id})','a:3:{s:10:\"content_id\";i:6;s:12:\"content_type\";s:8:\"services\";s:5:\"title\";s:32:\"Serviço firewall router pfSense\";}',200,'INFO','2023-12-04 16:05:26','a:5:{s:9:\"client_ip\";s:9:\"127.0.0.1\";s:11:\"client_port\";i:8000;s:3:\"uri\";s:39:\"http://127.0.0.1:8000/bolt/new/services\";s:12:\"query_string\";N;s:6:\"method\";s:4:\"POST\";}','a:3:{s:2:\"id\";i:1;s:8:\"username\";s:5:\"admin\";s:5:\"roles\";a:1:{i:0;s:10:\"ROLE_ADMIN\";}}',6,'a:5:{s:4:\"file\";s:61:\"…/vendor/symfony/event-dispatcher/Debug/WrappedListener.php\";s:4:\"line\";i:117;s:5:\"class\";s:55:\"Symfony\\Component\\EventDispatcher\\Debug\\WrappedListener\";s:4:\"type\";s:2:\"->\";s:8:\"function\";s:8:\"__invoke\";}'),(18,'Saved content \"{title}\" ({content_type} № {content_id})','a:3:{s:10:\"content_id\";i:6;s:12:\"content_type\";s:8:\"services\";s:5:\"title\";s:31:\"Service firewall router pfSense\";}',200,'INFO','2023-12-04 16:09:38','a:5:{s:9:\"client_ip\";s:9:\"127.0.0.1\";s:11:\"client_port\";i:8000;s:3:\"uri\";s:89:\"http://127.0.0.1:8000/bolt/edit/6?edit_locale=en&slugOrId=servico-firewall-router-pfsense\";s:12:\"query_string\";s:55:\"edit_locale=en&slugOrId=servico-firewall-router-pfsense\";s:6:\"method\";s:4:\"POST\";}','a:3:{s:2:\"id\";i:1;s:8:\"username\";s:5:\"admin\";s:5:\"roles\";a:1:{i:0;s:10:\"ROLE_ADMIN\";}}',6,'a:5:{s:4:\"file\";s:61:\"…/vendor/symfony/event-dispatcher/Debug/WrappedListener.php\";s:4:\"line\";i:117;s:5:\"class\";s:55:\"Symfony\\Component\\EventDispatcher\\Debug\\WrappedListener\";s:4:\"type\";s:2:\"->\";s:8:\"function\";s:8:\"__invoke\";}'),(19,'Saved content \"{title}\" ({content_type} № {content_id})','a:3:{s:10:\"content_id\";i:7;s:12:\"content_type\";s:8:\"services\";s:5:\"title\";s:37:\"Serviço antivirus empresas Kaspersky\";}',200,'INFO','2023-12-04 16:23:27','a:5:{s:9:\"client_ip\";s:9:\"127.0.0.1\";s:11:\"client_port\";i:8000;s:3:\"uri\";s:39:\"http://127.0.0.1:8000/bolt/new/services\";s:12:\"query_string\";N;s:6:\"method\";s:4:\"POST\";}','a:3:{s:2:\"id\";i:1;s:8:\"username\";s:5:\"admin\";s:5:\"roles\";a:1:{i:0;s:10:\"ROLE_ADMIN\";}}',7,'a:5:{s:4:\"file\";s:61:\"…/vendor/symfony/event-dispatcher/Debug/WrappedListener.php\";s:4:\"line\";i:117;s:5:\"class\";s:55:\"Symfony\\Component\\EventDispatcher\\Debug\\WrappedListener\";s:4:\"type\";s:2:\"->\";s:8:\"function\";s:8:\"__invoke\";}'),(20,'Saved content \"{title}\" ({content_type} № {content_id})','a:3:{s:10:\"content_id\";i:7;s:12:\"content_type\";s:8:\"services\";s:5:\"title\";s:38:\"Service Kaspersky enterprise solutions\";}',200,'INFO','2023-12-04 16:28:17','a:5:{s:9:\"client_ip\";s:9:\"127.0.0.1\";s:11:\"client_port\";i:8000;s:3:\"uri\";s:94:\"http://127.0.0.1:8000/bolt/edit/7?edit_locale=en&slugOrId=servico-antivirus-empresas-kaspersky\";s:12:\"query_string\";s:60:\"edit_locale=en&slugOrId=servico-antivirus-empresas-kaspersky\";s:6:\"method\";s:4:\"POST\";}','a:3:{s:2:\"id\";i:1;s:8:\"username\";s:5:\"admin\";s:5:\"roles\";a:1:{i:0;s:10:\"ROLE_ADMIN\";}}',7,'a:5:{s:4:\"file\";s:61:\"…/vendor/symfony/event-dispatcher/Debug/WrappedListener.php\";s:4:\"line\";i:117;s:5:\"class\";s:55:\"Symfony\\Component\\EventDispatcher\\Debug\\WrappedListener\";s:4:\"type\";s:2:\"->\";s:8:\"function\";s:8:\"__invoke\";}'),(21,'Saved content \"{title}\" ({content_type} № {content_id})','a:3:{s:10:\"content_id\";i:6;s:12:\"content_type\";s:8:\"services\";s:5:\"title\";s:31:\"Service firewall router pfSense\";}',200,'INFO','2023-12-04 16:29:09','a:5:{s:9:\"client_ip\";s:9:\"127.0.0.1\";s:11:\"client_port\";i:8000;s:3:\"uri\";s:89:\"http://127.0.0.1:8000/bolt/edit/6?edit_locale=en&slugOrId=servico-firewall-router-pfsense\";s:12:\"query_string\";s:55:\"edit_locale=en&slugOrId=servico-firewall-router-pfsense\";s:6:\"method\";s:4:\"POST\";}','a:3:{s:2:\"id\";i:1;s:8:\"username\";s:5:\"admin\";s:5:\"roles\";a:1:{i:0;s:10:\"ROLE_ADMIN\";}}',6,'a:5:{s:4:\"file\";s:61:\"…/vendor/symfony/event-dispatcher/Debug/WrappedListener.php\";s:4:\"line\";i:117;s:5:\"class\";s:55:\"Symfony\\Component\\EventDispatcher\\Debug\\WrappedListener\";s:4:\"type\";s:2:\"->\";s:8:\"function\";s:8:\"__invoke\";}'),(22,'Saved content \"{title}\" ({content_type} № {content_id})','a:3:{s:10:\"content_id\";i:8;s:12:\"content_type\";s:8:\"services\";s:5:\"title\";s:30:\"Serviço conectividade OpenVPN\";}',200,'INFO','2023-12-04 16:33:19','a:5:{s:9:\"client_ip\";s:9:\"127.0.0.1\";s:11:\"client_port\";i:8000;s:3:\"uri\";s:39:\"http://127.0.0.1:8000/bolt/new/services\";s:12:\"query_string\";N;s:6:\"method\";s:4:\"POST\";}','a:3:{s:2:\"id\";i:1;s:8:\"username\";s:5:\"admin\";s:5:\"roles\";a:1:{i:0;s:10:\"ROLE_ADMIN\";}}',8,'a:5:{s:4:\"file\";s:61:\"…/vendor/symfony/event-dispatcher/Debug/WrappedListener.php\";s:4:\"line\";i:117;s:5:\"class\";s:55:\"Symfony\\Component\\EventDispatcher\\Debug\\WrappedListener\";s:4:\"type\";s:2:\"->\";s:8:\"function\";s:8:\"__invoke\";}'),(23,'Saved content \"{title}\" ({content_type} № {content_id})','a:3:{s:10:\"content_id\";i:8;s:12:\"content_type\";s:8:\"services\";s:5:\"title\";s:30:\"Serviço conectividade OpenVPN\";}',200,'INFO','2023-12-04 16:35:48','a:5:{s:9:\"client_ip\";s:9:\"127.0.0.1\";s:11:\"client_port\";i:8000;s:3:\"uri\";s:87:\"http://127.0.0.1:8000/bolt/edit/8?edit_locale=en&slugOrId=servico-conectividade-openvpn\";s:12:\"query_string\";s:53:\"edit_locale=en&slugOrId=servico-conectividade-openvpn\";s:6:\"method\";s:4:\"POST\";}','a:3:{s:2:\"id\";i:1;s:8:\"username\";s:5:\"admin\";s:5:\"roles\";a:1:{i:0;s:10:\"ROLE_ADMIN\";}}',8,'a:5:{s:4:\"file\";s:61:\"…/vendor/symfony/event-dispatcher/Debug/WrappedListener.php\";s:4:\"line\";i:117;s:5:\"class\";s:55:\"Symfony\\Component\\EventDispatcher\\Debug\\WrappedListener\";s:4:\"type\";s:2:\"->\";s:8:\"function\";s:8:\"__invoke\";}'),(24,'User \'{username}\' logged out (manually, auth_token: {token_id}, {ip})','a:4:{s:2:\"id\";i:1;s:8:\"username\";s:5:\"admin\";s:8:\"token_id\";i:8;s:2:\"ip\";s:9:\"127.0.0.1\";}',250,'NOTICE','2023-12-04 16:38:54','a:5:{s:9:\"client_ip\";s:9:\"127.0.0.1\";s:11:\"client_port\";i:8000;s:3:\"uri\";s:33:\"http://127.0.0.1:8000/bolt/logout\";s:12:\"query_string\";N;s:6:\"method\";s:3:\"GET\";}','a:3:{s:2:\"id\";i:1;s:8:\"username\";s:5:\"admin\";s:5:\"roles\";a:1:{i:0;s:10:\"ROLE_ADMIN\";}}',NULL,'a:5:{s:4:\"file\";s:55:\"…/vendor/symfony/event-dispatcher/EventDispatcher.php\";s:4:\"line\";i:270;s:5:\"class\";s:49:\"Symfony\\Component\\EventDispatcher\\EventDispatcher\";s:4:\"type\";s:2:\"::\";s:8:\"function\";s:43:\"Symfony\\Component\\EventDispatcher\\{closure}\";}'),(25,'Saved content \"{title}\" ({content_type} № {content_id})','a:3:{s:10:\"content_id\";i:6;s:12:\"content_type\";s:8:\"services\";s:5:\"title\";s:32:\"Serviço firewall router pfSense\";}',200,'INFO','2023-12-05 14:05:55','a:5:{s:9:\"client_ip\";s:9:\"127.0.0.1\";s:11:\"client_port\";i:8000;s:3:\"uri\";s:33:\"http://127.0.0.1:8000/bolt/edit/6\";s:12:\"query_string\";N;s:6:\"method\";s:4:\"POST\";}','a:3:{s:2:\"id\";i:1;s:8:\"username\";s:5:\"admin\";s:5:\"roles\";a:1:{i:0;s:10:\"ROLE_ADMIN\";}}',6,'a:5:{s:4:\"file\";s:61:\"…/vendor/symfony/event-dispatcher/Debug/WrappedListener.php\";s:4:\"line\";i:117;s:5:\"class\";s:55:\"Symfony\\Component\\EventDispatcher\\Debug\\WrappedListener\";s:4:\"type\";s:2:\"->\";s:8:\"function\";s:8:\"__invoke\";}'),(26,'Saved content \"{title}\" ({content_type} № {content_id})','a:3:{s:10:\"content_id\";i:6;s:12:\"content_type\";s:8:\"services\";s:5:\"title\";s:32:\"Serviço firewall router pfSense\";}',200,'INFO','2023-12-05 14:07:04','a:5:{s:9:\"client_ip\";s:9:\"127.0.0.1\";s:11:\"client_port\";i:8000;s:3:\"uri\";s:89:\"http://127.0.0.1:8000/bolt/edit/6?edit_locale=en&slugOrId=servico-firewall-router-pfsense\";s:12:\"query_string\";s:55:\"edit_locale=en&slugOrId=servico-firewall-router-pfsense\";s:6:\"method\";s:4:\"POST\";}','a:3:{s:2:\"id\";i:1;s:8:\"username\";s:5:\"admin\";s:5:\"roles\";a:1:{i:0;s:10:\"ROLE_ADMIN\";}}',6,'a:5:{s:4:\"file\";s:61:\"…/vendor/symfony/event-dispatcher/Debug/WrappedListener.php\";s:4:\"line\";i:117;s:5:\"class\";s:55:\"Symfony\\Component\\EventDispatcher\\Debug\\WrappedListener\";s:4:\"type\";s:2:\"->\";s:8:\"function\";s:8:\"__invoke\";}'),(27,'Saved content \"{title}\" ({content_type} № {content_id})','a:3:{s:10:\"content_id\";i:6;s:12:\"content_type\";s:8:\"services\";s:5:\"title\";s:32:\"Serviço firewall router pfSense\";}',200,'INFO','2023-12-05 14:08:17','a:5:{s:9:\"client_ip\";s:9:\"127.0.0.1\";s:11:\"client_port\";i:8000;s:3:\"uri\";s:48:\"http://127.0.0.1:8000/bolt/edit/6?edit_locale=en\";s:12:\"query_string\";s:14:\"edit_locale=en\";s:6:\"method\";s:4:\"POST\";}','a:3:{s:2:\"id\";i:1;s:8:\"username\";s:5:\"admin\";s:5:\"roles\";a:1:{i:0;s:10:\"ROLE_ADMIN\";}}',6,'a:5:{s:4:\"file\";s:61:\"…/vendor/symfony/event-dispatcher/Debug/WrappedListener.php\";s:4:\"line\";i:117;s:5:\"class\";s:55:\"Symfony\\Component\\EventDispatcher\\Debug\\WrappedListener\";s:4:\"type\";s:2:\"->\";s:8:\"function\";s:8:\"__invoke\";}'),(28,'Saved content \"{title}\" ({content_type} № {content_id})','a:3:{s:10:\"content_id\";i:8;s:12:\"content_type\";s:8:\"services\";s:5:\"title\";s:30:\"Serviço conectividade OpenVPN\";}',200,'INFO','2023-12-05 14:09:47','a:5:{s:9:\"client_ip\";s:9:\"127.0.0.1\";s:11:\"client_port\";i:8000;s:3:\"uri\";s:33:\"http://127.0.0.1:8000/bolt/edit/8\";s:12:\"query_string\";N;s:6:\"method\";s:4:\"POST\";}','a:3:{s:2:\"id\";i:1;s:8:\"username\";s:5:\"admin\";s:5:\"roles\";a:1:{i:0;s:10:\"ROLE_ADMIN\";}}',8,'a:5:{s:4:\"file\";s:61:\"…/vendor/symfony/event-dispatcher/Debug/WrappedListener.php\";s:4:\"line\";i:117;s:5:\"class\";s:55:\"Symfony\\Component\\EventDispatcher\\Debug\\WrappedListener\";s:4:\"type\";s:2:\"->\";s:8:\"function\";s:8:\"__invoke\";}'),(29,'Saved content \"{title}\" ({content_type} № {content_id})','a:3:{s:10:\"content_id\";i:8;s:12:\"content_type\";s:8:\"services\";s:5:\"title\";s:30:\"Serviço conectividade OpenVPN\";}',200,'INFO','2023-12-05 14:11:27','a:5:{s:9:\"client_ip\";s:9:\"127.0.0.1\";s:11:\"client_port\";i:8000;s:3:\"uri\";s:87:\"http://127.0.0.1:8000/bolt/edit/8?edit_locale=en&slugOrId=servico-conectividade-openvpn\";s:12:\"query_string\";s:53:\"edit_locale=en&slugOrId=servico-conectividade-openvpn\";s:6:\"method\";s:4:\"POST\";}','a:3:{s:2:\"id\";i:1;s:8:\"username\";s:5:\"admin\";s:5:\"roles\";a:1:{i:0;s:10:\"ROLE_ADMIN\";}}',8,'a:5:{s:4:\"file\";s:61:\"…/vendor/symfony/event-dispatcher/Debug/WrappedListener.php\";s:4:\"line\";i:117;s:5:\"class\";s:55:\"Symfony\\Component\\EventDispatcher\\Debug\\WrappedListener\";s:4:\"type\";s:2:\"->\";s:8:\"function\";s:8:\"__invoke\";}'),(30,'Saved content \"{title}\" ({content_type} № {content_id})','a:3:{s:10:\"content_id\";i:7;s:12:\"content_type\";s:8:\"services\";s:5:\"title\";s:37:\"Serviço antivirus empresas Kaspersky\";}',200,'INFO','2023-12-05 14:12:49','a:5:{s:9:\"client_ip\";s:9:\"127.0.0.1\";s:11:\"client_port\";i:8000;s:3:\"uri\";s:33:\"http://127.0.0.1:8000/bolt/edit/7\";s:12:\"query_string\";N;s:6:\"method\";s:4:\"POST\";}','a:3:{s:2:\"id\";i:1;s:8:\"username\";s:5:\"admin\";s:5:\"roles\";a:1:{i:0;s:10:\"ROLE_ADMIN\";}}',7,'a:5:{s:4:\"file\";s:61:\"…/vendor/symfony/event-dispatcher/Debug/WrappedListener.php\";s:4:\"line\";i:117;s:5:\"class\";s:55:\"Symfony\\Component\\EventDispatcher\\Debug\\WrappedListener\";s:4:\"type\";s:2:\"->\";s:8:\"function\";s:8:\"__invoke\";}'),(31,'Saved content \"{title}\" ({content_type} № {content_id})','a:3:{s:10:\"content_id\";i:7;s:12:\"content_type\";s:8:\"services\";s:5:\"title\";s:37:\"Serviço antivirus empresas Kaspersky\";}',200,'INFO','2023-12-05 14:16:09','a:5:{s:9:\"client_ip\";s:9:\"127.0.0.1\";s:11:\"client_port\";i:8000;s:3:\"uri\";s:94:\"http://127.0.0.1:8000/bolt/edit/7?edit_locale=en&slugOrId=servico-antivirus-empresas-kaspersky\";s:12:\"query_string\";s:60:\"edit_locale=en&slugOrId=servico-antivirus-empresas-kaspersky\";s:6:\"method\";s:4:\"POST\";}','a:3:{s:2:\"id\";i:1;s:8:\"username\";s:5:\"admin\";s:5:\"roles\";a:1:{i:0;s:10:\"ROLE_ADMIN\";}}',7,'a:5:{s:4:\"file\";s:61:\"…/vendor/symfony/event-dispatcher/Debug/WrappedListener.php\";s:4:\"line\";i:117;s:5:\"class\";s:55:\"Symfony\\Component\\EventDispatcher\\Debug\\WrappedListener\";s:4:\"type\";s:2:\"->\";s:8:\"function\";s:8:\"__invoke\";}'),(32,'Saved content \"{title}\" ({content_type} № {content_id})','a:3:{s:10:\"content_id\";i:7;s:12:\"content_type\";s:8:\"services\";s:5:\"title\";s:37:\"Serviço antivirus empresas Kaspersky\";}',200,'INFO','2023-12-05 14:16:53','a:5:{s:9:\"client_ip\";s:9:\"127.0.0.1\";s:11:\"client_port\";i:8000;s:3:\"uri\";s:48:\"http://127.0.0.1:8000/bolt/edit/7?edit_locale=en\";s:12:\"query_string\";s:14:\"edit_locale=en\";s:6:\"method\";s:4:\"POST\";}','a:3:{s:2:\"id\";i:1;s:8:\"username\";s:5:\"admin\";s:5:\"roles\";a:1:{i:0;s:10:\"ROLE_ADMIN\";}}',7,'a:5:{s:4:\"file\";s:61:\"…/vendor/symfony/event-dispatcher/Debug/WrappedListener.php\";s:4:\"line\";i:117;s:5:\"class\";s:55:\"Symfony\\Component\\EventDispatcher\\Debug\\WrappedListener\";s:4:\"type\";s:2:\"->\";s:8:\"function\";s:8:\"__invoke\";}'),(33,'Saved content \"{title}\" ({content_type} № {content_id})','a:3:{s:10:\"content_id\";i:7;s:12:\"content_type\";s:8:\"services\";s:5:\"title\";s:37:\"Serviço antivirus empresas Kaspersky\";}',200,'INFO','2023-12-05 17:30:25','a:5:{s:9:\"client_ip\";s:9:\"127.0.0.1\";s:11:\"client_port\";i:8000;s:3:\"uri\";s:33:\"http://127.0.0.1:8000/bolt/edit/7\";s:12:\"query_string\";N;s:6:\"method\";s:4:\"POST\";}','a:3:{s:2:\"id\";i:1;s:8:\"username\";s:5:\"admin\";s:5:\"roles\";a:1:{i:0;s:10:\"ROLE_ADMIN\";}}',7,'a:5:{s:4:\"file\";s:61:\"…/vendor/symfony/event-dispatcher/Debug/WrappedListener.php\";s:4:\"line\";i:117;s:5:\"class\";s:55:\"Symfony\\Component\\EventDispatcher\\Debug\\WrappedListener\";s:4:\"type\";s:2:\"->\";s:8:\"function\";s:8:\"__invoke\";}'),(34,'Saved content \"{title}\" ({content_type} № {content_id})','a:3:{s:10:\"content_id\";i:7;s:12:\"content_type\";s:8:\"services\";s:5:\"title\";s:37:\"Serviço antivirus empresas Kaspersky\";}',200,'INFO','2023-12-05 17:32:40','a:5:{s:9:\"client_ip\";s:9:\"127.0.0.1\";s:11:\"client_port\";i:8000;s:3:\"uri\";s:51:\"http://127.0.0.1:8000/bolt/edit/7?edit_locale=pt_BR\";s:12:\"query_string\";s:17:\"edit_locale=pt_BR\";s:6:\"method\";s:4:\"POST\";}','a:3:{s:2:\"id\";i:1;s:8:\"username\";s:5:\"admin\";s:5:\"roles\";a:1:{i:0;s:10:\"ROLE_ADMIN\";}}',7,'a:5:{s:4:\"file\";s:61:\"…/vendor/symfony/event-dispatcher/Debug/WrappedListener.php\";s:4:\"line\";i:117;s:5:\"class\";s:55:\"Symfony\\Component\\EventDispatcher\\Debug\\WrappedListener\";s:4:\"type\";s:2:\"->\";s:8:\"function\";s:8:\"__invoke\";}'),(35,'User \'{username}\' logged out (manually, auth_token: {token_id}, {ip})','a:4:{s:2:\"id\";i:1;s:8:\"username\";s:5:\"admin\";s:8:\"token_id\";i:9;s:2:\"ip\";s:9:\"127.0.0.1\";}',250,'NOTICE','2023-12-05 17:42:38','a:5:{s:9:\"client_ip\";s:9:\"127.0.0.1\";s:11:\"client_port\";i:8000;s:3:\"uri\";s:33:\"http://127.0.0.1:8000/bolt/logout\";s:12:\"query_string\";N;s:6:\"method\";s:3:\"GET\";}','a:3:{s:2:\"id\";i:1;s:8:\"username\";s:5:\"admin\";s:5:\"roles\";a:1:{i:0;s:10:\"ROLE_ADMIN\";}}',NULL,'a:5:{s:4:\"file\";s:55:\"…/vendor/symfony/event-dispatcher/EventDispatcher.php\";s:4:\"line\";i:270;s:5:\"class\";s:49:\"Symfony\\Component\\EventDispatcher\\EventDispatcher\";s:4:\"type\";s:2:\"::\";s:8:\"function\";s:43:\"Symfony\\Component\\EventDispatcher\\{closure}\";}'),(36,'User \'{username}\' logged out (manually, auth_token: {token_id}, {ip})','a:4:{s:2:\"id\";i:1;s:8:\"username\";s:5:\"admin\";s:8:\"token_id\";i:11;s:2:\"ip\";s:9:\"127.0.0.1\";}',250,'NOTICE','2023-12-06 11:29:29','a:5:{s:9:\"client_ip\";s:9:\"127.0.0.1\";s:11:\"client_port\";i:8000;s:3:\"uri\";s:33:\"http://localhost:8000/bolt/logout\";s:12:\"query_string\";N;s:6:\"method\";s:3:\"GET\";}','a:3:{s:2:\"id\";i:1;s:8:\"username\";s:5:\"admin\";s:5:\"roles\";a:1:{i:0;s:10:\"ROLE_ADMIN\";}}',NULL,'a:5:{s:4:\"file\";s:55:\"…/vendor/symfony/event-dispatcher/EventDispatcher.php\";s:4:\"line\";i:270;s:5:\"class\";s:49:\"Symfony\\Component\\EventDispatcher\\EventDispatcher\";s:4:\"type\";s:2:\"::\";s:8:\"function\";s:43:\"Symfony\\Component\\EventDispatcher\\{closure}\";}'),(37,'Saved content \"{title}\" ({content_type} № {content_id})','a:3:{s:10:\"content_id\";i:9;s:12:\"content_type\";s:6:\"blocks\";s:5:\"title\";s:13:\"404-not-found\";}',200,'INFO','2023-12-06 16:28:45','a:5:{s:9:\"client_ip\";s:9:\"127.0.0.1\";s:11:\"client_port\";i:8000;s:3:\"uri\";s:37:\"http://localhost:8000/bolt/new/blocks\";s:12:\"query_string\";N;s:6:\"method\";s:4:\"POST\";}','a:3:{s:2:\"id\";i:1;s:8:\"username\";s:5:\"admin\";s:5:\"roles\";a:1:{i:0;s:10:\"ROLE_ADMIN\";}}',9,'a:5:{s:4:\"file\";s:61:\"…/vendor/symfony/event-dispatcher/Debug/WrappedListener.php\";s:4:\"line\";i:117;s:5:\"class\";s:55:\"Symfony\\Component\\EventDispatcher\\Debug\\WrappedListener\";s:4:\"type\";s:2:\"->\";s:8:\"function\";s:8:\"__invoke\";}'),(38,'Saved content \"{title}\" ({content_type} № {content_id})','a:3:{s:10:\"content_id\";i:9;s:12:\"content_type\";s:6:\"blocks\";s:5:\"title\";s:13:\"404-not-found\";}',200,'INFO','2023-12-06 16:30:30','a:5:{s:9:\"client_ip\";s:9:\"127.0.0.1\";s:11:\"client_port\";i:8000;s:3:\"uri\";s:71:\"http://localhost:8000/bolt/edit/9?edit_locale=en&slugOrId=404-not-found\";s:12:\"query_string\";s:37:\"edit_locale=en&slugOrId=404-not-found\";s:6:\"method\";s:4:\"POST\";}','a:3:{s:2:\"id\";i:1;s:8:\"username\";s:5:\"admin\";s:5:\"roles\";a:1:{i:0;s:10:\"ROLE_ADMIN\";}}',9,'a:5:{s:4:\"file\";s:61:\"…/vendor/symfony/event-dispatcher/Debug/WrappedListener.php\";s:4:\"line\";i:117;s:5:\"class\";s:55:\"Symfony\\Component\\EventDispatcher\\Debug\\WrappedListener\";s:4:\"type\";s:2:\"->\";s:8:\"function\";s:8:\"__invoke\";}'),(39,'User \'{username}\' logged out (manually, auth_token: {token_id}, {ip})','a:4:{s:2:\"id\";i:1;s:8:\"username\";s:5:\"admin\";s:8:\"token_id\";i:14;s:2:\"ip\";s:9:\"127.0.0.1\";}',250,'NOTICE','2023-12-06 16:37:44','a:5:{s:9:\"client_ip\";s:9:\"127.0.0.1\";s:11:\"client_port\";i:8000;s:3:\"uri\";s:33:\"http://localhost:8000/bolt/logout\";s:12:\"query_string\";N;s:6:\"method\";s:3:\"GET\";}','a:3:{s:2:\"id\";i:1;s:8:\"username\";s:5:\"admin\";s:5:\"roles\";a:1:{i:0;s:10:\"ROLE_ADMIN\";}}',NULL,'a:5:{s:4:\"file\";s:55:\"…/vendor/symfony/event-dispatcher/EventDispatcher.php\";s:4:\"line\";i:270;s:5:\"class\";s:49:\"Symfony\\Component\\EventDispatcher\\EventDispatcher\";s:4:\"type\";s:2:\"::\";s:8:\"function\";s:43:\"Symfony\\Component\\EventDispatcher\\{closure}\";}'),(40,'User \'{username}\' logged out (manually, auth_token: {token_id}, {ip})','a:4:{s:2:\"id\";i:1;s:8:\"username\";s:5:\"admin\";s:8:\"token_id\";i:15;s:2:\"ip\";s:9:\"127.0.0.1\";}',250,'NOTICE','2023-12-06 17:32:40','a:5:{s:9:\"client_ip\";s:9:\"127.0.0.1\";s:11:\"client_port\";i:8000;s:3:\"uri\";s:33:\"http://localhost:8000/bolt/logout\";s:12:\"query_string\";N;s:6:\"method\";s:3:\"GET\";}','a:3:{s:2:\"id\";i:1;s:8:\"username\";s:5:\"admin\";s:5:\"roles\";a:1:{i:0;s:10:\"ROLE_ADMIN\";}}',NULL,'a:5:{s:4:\"file\";s:55:\"…/vendor/symfony/event-dispatcher/EventDispatcher.php\";s:4:\"line\";i:270;s:5:\"class\";s:49:\"Symfony\\Component\\EventDispatcher\\EventDispatcher\";s:4:\"type\";s:2:\"::\";s:8:\"function\";s:43:\"Symfony\\Component\\EventDispatcher\\{closure}\";}'),(41,'Deleted content \"{title}\" ({content_type} № {content_id})','a:3:{s:10:\"content_id\";i:9;s:12:\"content_type\";s:6:\"blocks\";s:5:\"title\";s:13:\"404-not-found\";}',200,'INFO','2023-12-07 15:51:20','a:5:{s:9:\"client_ip\";s:9:\"127.0.0.1\";s:11:\"client_port\";i:8000;s:3:\"uri\";s:161:\"http://localhost:8000/bolt/delete/9?token=c8f1ad23c7274eef.T7JuD96snMJlOzIy6vyqNypbunE_Z-o8bXzlzNrJ0BQ.JYUoQaedpI8qWldWmZrob14u_QR-MbsEKQ2Egb3xmCQ-4Sx_7-Gkih1tXQ\";s:12:\"query_string\";s:125:\"token=c8f1ad23c7274eef.T7JuD96snMJlOzIy6vyqNypbunE_Z-o8bXzlzNrJ0BQ.JYUoQaedpI8qWldWmZrob14u_QR-MbsEKQ2Egb3xmCQ-4Sx_7-Gkih1tXQ\";s:6:\"method\";s:3:\"GET\";}','a:3:{s:2:\"id\";i:1;s:8:\"username\";s:5:\"admin\";s:5:\"roles\";a:1:{i:0;s:10:\"ROLE_ADMIN\";}}',9,'a:5:{s:4:\"file\";s:61:\"…/vendor/symfony/event-dispatcher/Debug/WrappedListener.php\";s:4:\"line\";i:117;s:5:\"class\";s:55:\"Symfony\\Component\\EventDispatcher\\Debug\\WrappedListener\";s:4:\"type\";s:2:\"->\";s:8:\"function\";s:8:\"__invoke\";}'),(42,'User \'{username}\' logged out (manually, auth_token: {token_id}, {ip})','a:4:{s:2:\"id\";i:1;s:8:\"username\";s:5:\"admin\";s:8:\"token_id\";i:17;s:2:\"ip\";s:9:\"127.0.0.1\";}',250,'NOTICE','2023-12-07 16:13:03','a:5:{s:9:\"client_ip\";s:9:\"127.0.0.1\";s:11:\"client_port\";i:8000;s:3:\"uri\";s:33:\"http://localhost:8000/bolt/logout\";s:12:\"query_string\";N;s:6:\"method\";s:3:\"GET\";}','a:3:{s:2:\"id\";i:1;s:8:\"username\";s:5:\"admin\";s:5:\"roles\";a:1:{i:0;s:10:\"ROLE_ADMIN\";}}',NULL,'a:5:{s:4:\"file\";s:55:\"…/vendor/symfony/event-dispatcher/EventDispatcher.php\";s:4:\"line\";i:270;s:5:\"class\";s:49:\"Symfony\\Component\\EventDispatcher\\EventDispatcher\";s:4:\"type\";s:2:\"::\";s:8:\"function\";s:43:\"Symfony\\Component\\EventDispatcher\\{closure}\";}'),(43,'Saved content \"{title}\" ({content_type} № {content_id})','a:3:{s:10:\"content_id\";i:6;s:12:\"content_type\";s:8:\"services\";s:5:\"title\";s:32:\"Serviço firewall router pfSense\";}',200,'INFO','2023-12-07 17:24:15','a:5:{s:9:\"client_ip\";s:9:\"127.0.0.1\";s:11:\"client_port\";i:8000;s:3:\"uri\";s:33:\"http://localhost:8000/bolt/edit/6\";s:12:\"query_string\";N;s:6:\"method\";s:4:\"POST\";}','a:3:{s:2:\"id\";i:1;s:8:\"username\";s:5:\"admin\";s:5:\"roles\";a:1:{i:0;s:10:\"ROLE_ADMIN\";}}',6,'a:5:{s:4:\"file\";s:61:\"…/vendor/symfony/event-dispatcher/Debug/WrappedListener.php\";s:4:\"line\";i:117;s:5:\"class\";s:55:\"Symfony\\Component\\EventDispatcher\\Debug\\WrappedListener\";s:4:\"type\";s:2:\"->\";s:8:\"function\";s:8:\"__invoke\";}'),(44,'Saved content \"{title}\" ({content_type} № {content_id})','a:3:{s:10:\"content_id\";i:6;s:12:\"content_type\";s:8:\"services\";s:5:\"title\";s:32:\"Serviço firewall router pfSense\";}',200,'INFO','2023-12-07 17:25:30','a:5:{s:9:\"client_ip\";s:9:\"127.0.0.1\";s:11:\"client_port\";i:8000;s:3:\"uri\";s:51:\"http://localhost:8000/bolt/edit/6?edit_locale=pt_BR\";s:12:\"query_string\";s:17:\"edit_locale=pt_BR\";s:6:\"method\";s:4:\"POST\";}','a:3:{s:2:\"id\";i:1;s:8:\"username\";s:5:\"admin\";s:5:\"roles\";a:1:{i:0;s:10:\"ROLE_ADMIN\";}}',6,'a:5:{s:4:\"file\";s:61:\"…/vendor/symfony/event-dispatcher/Debug/WrappedListener.php\";s:4:\"line\";i:117;s:5:\"class\";s:55:\"Symfony\\Component\\EventDispatcher\\Debug\\WrappedListener\";s:4:\"type\";s:2:\"->\";s:8:\"function\";s:8:\"__invoke\";}'),(45,'Saved content \"{title}\" ({content_type} № {content_id})','a:3:{s:10:\"content_id\";i:10;s:12:\"content_type\";s:6:\"blocks\";s:5:\"title\";s:15:\"website warning\";}',200,'INFO','2023-12-07 18:38:33','a:5:{s:9:\"client_ip\";s:9:\"127.0.0.1\";s:11:\"client_port\";i:8000;s:3:\"uri\";s:37:\"http://localhost:8000/bolt/new/blocks\";s:12:\"query_string\";N;s:6:\"method\";s:4:\"POST\";}','a:3:{s:2:\"id\";i:1;s:8:\"username\";s:5:\"admin\";s:5:\"roles\";a:1:{i:0;s:10:\"ROLE_ADMIN\";}}',10,'a:5:{s:4:\"file\";s:61:\"…/vendor/symfony/event-dispatcher/Debug/WrappedListener.php\";s:4:\"line\";i:117;s:5:\"class\";s:55:\"Symfony\\Component\\EventDispatcher\\Debug\\WrappedListener\";s:4:\"type\";s:2:\"->\";s:8:\"function\";s:8:\"__invoke\";}'),(46,'Saved content \"{title}\" ({content_type} № {content_id})','a:3:{s:10:\"content_id\";i:10;s:12:\"content_type\";s:6:\"blocks\";s:5:\"title\";s:15:\"website warning\";}',200,'INFO','2023-12-07 18:39:32','a:5:{s:9:\"client_ip\";s:9:\"127.0.0.1\";s:11:\"client_port\";i:8000;s:3:\"uri\";s:74:\"http://localhost:8000/bolt/edit/10?edit_locale=en&slugOrId=website-warning\";s:12:\"query_string\";s:39:\"edit_locale=en&slugOrId=website-warning\";s:6:\"method\";s:4:\"POST\";}','a:3:{s:2:\"id\";i:1;s:8:\"username\";s:5:\"admin\";s:5:\"roles\";a:1:{i:0;s:10:\"ROLE_ADMIN\";}}',10,'a:5:{s:4:\"file\";s:61:\"…/vendor/symfony/event-dispatcher/Debug/WrappedListener.php\";s:4:\"line\";i:117;s:5:\"class\";s:55:\"Symfony\\Component\\EventDispatcher\\Debug\\WrappedListener\";s:4:\"type\";s:2:\"->\";s:8:\"function\";s:8:\"__invoke\";}'),(47,'User \'{username}\' logged out (manually, auth_token: {token_id}, {ip})','a:4:{s:2:\"id\";i:1;s:8:\"username\";s:5:\"admin\";s:8:\"token_id\";i:20;s:2:\"ip\";s:9:\"127.0.0.1\";}',250,'NOTICE','2023-12-08 10:24:04','a:5:{s:9:\"client_ip\";s:9:\"127.0.0.1\";s:11:\"client_port\";i:8000;s:3:\"uri\";s:33:\"http://localhost:8000/bolt/logout\";s:12:\"query_string\";N;s:6:\"method\";s:3:\"GET\";}','a:3:{s:2:\"id\";i:1;s:8:\"username\";s:5:\"admin\";s:5:\"roles\";a:1:{i:0;s:10:\"ROLE_ADMIN\";}}',NULL,'a:5:{s:4:\"file\";s:55:\"…/vendor/symfony/event-dispatcher/EventDispatcher.php\";s:4:\"line\";i:270;s:5:\"class\";s:49:\"Symfony\\Component\\EventDispatcher\\EventDispatcher\";s:4:\"type\";s:2:\"::\";s:8:\"function\";s:43:\"Symfony\\Component\\EventDispatcher\\{closure}\";}'),(48,'User \'{username}\' logged out (manually, auth_token: {token_id}, {ip})','a:4:{s:2:\"id\";i:1;s:8:\"username\";s:5:\"admin\";s:8:\"token_id\";i:21;s:2:\"ip\";s:9:\"127.0.0.1\";}',250,'NOTICE','2023-12-08 17:16:24','a:5:{s:9:\"client_ip\";s:9:\"127.0.0.1\";s:11:\"client_port\";i:8000;s:3:\"uri\";s:33:\"http://localhost:8000/bolt/logout\";s:12:\"query_string\";N;s:6:\"method\";s:3:\"GET\";}','a:3:{s:2:\"id\";i:1;s:8:\"username\";s:5:\"admin\";s:5:\"roles\";a:1:{i:0;s:10:\"ROLE_ADMIN\";}}',NULL,'a:5:{s:4:\"file\";s:55:\"…/vendor/symfony/event-dispatcher/EventDispatcher.php\";s:4:\"line\";i:270;s:5:\"class\";s:49:\"Symfony\\Component\\EventDispatcher\\EventDispatcher\";s:4:\"type\";s:2:\"::\";s:8:\"function\";s:43:\"Symfony\\Component\\EventDispatcher\\{closure}\";}'),(49,'User \'{username}\' logged out (manually, auth_token: {token_id}, {ip})','a:4:{s:2:\"id\";i:1;s:8:\"username\";s:5:\"admin\";s:8:\"token_id\";i:24;s:2:\"ip\";s:9:\"127.0.0.1\";}',250,'NOTICE','2023-12-11 20:04:49','a:5:{s:9:\"client_ip\";s:9:\"127.0.0.1\";s:11:\"client_port\";i:8000;s:3:\"uri\";s:33:\"http://localhost:8000/bolt/logout\";s:12:\"query_string\";N;s:6:\"method\";s:3:\"GET\";}','a:3:{s:2:\"id\";i:1;s:8:\"username\";s:5:\"admin\";s:5:\"roles\";a:1:{i:0;s:10:\"ROLE_ADMIN\";}}',NULL,'a:5:{s:4:\"file\";s:55:\"…/vendor/symfony/event-dispatcher/EventDispatcher.php\";s:4:\"line\";i:270;s:5:\"class\";s:49:\"Symfony\\Component\\EventDispatcher\\EventDispatcher\";s:4:\"type\";s:2:\"::\";s:8:\"function\";s:43:\"Symfony\\Component\\EventDispatcher\\{closure}\";}'),(50,'User \'{username}\' logged out (manually, auth_token: {token_id}, {ip})','a:4:{s:2:\"id\";i:1;s:8:\"username\";s:5:\"admin\";s:8:\"token_id\";i:25;s:2:\"ip\";s:9:\"127.0.0.1\";}',250,'NOTICE','2023-12-14 19:45:35','a:5:{s:9:\"client_ip\";s:9:\"127.0.0.1\";s:11:\"client_port\";i:8000;s:3:\"uri\";s:33:\"http://localhost:8000/bolt/logout\";s:12:\"query_string\";N;s:6:\"method\";s:3:\"GET\";}','a:3:{s:2:\"id\";i:1;s:8:\"username\";s:5:\"admin\";s:5:\"roles\";a:1:{i:0;s:10:\"ROLE_ADMIN\";}}',NULL,'a:5:{s:4:\"file\";s:55:\"…/vendor/symfony/event-dispatcher/EventDispatcher.php\";s:4:\"line\";i:270;s:5:\"class\";s:49:\"Symfony\\Component\\EventDispatcher\\EventDispatcher\";s:4:\"type\";s:2:\"::\";s:8:\"function\";s:43:\"Symfony\\Component\\EventDispatcher\\{closure}\";}'),(51,'User \'{username}\' logged out (manually, auth_token: {token_id}, {ip})','a:4:{s:2:\"id\";i:1;s:8:\"username\";s:5:\"admin\";s:8:\"token_id\";i:26;s:2:\"ip\";s:9:\"127.0.0.1\";}',250,'NOTICE','2024-01-07 21:19:27','a:5:{s:9:\"client_ip\";s:9:\"127.0.0.1\";s:11:\"client_port\";i:80;s:3:\"uri\";s:30:\"http://nubai.local/bolt/logout\";s:12:\"query_string\";N;s:6:\"method\";s:3:\"GET\";}','a:3:{s:2:\"id\";i:1;s:8:\"username\";s:5:\"admin\";s:5:\"roles\";a:1:{i:0;s:10:\"ROLE_ADMIN\";}}',NULL,'a:5:{s:4:\"file\";s:55:\"…/vendor/symfony/event-dispatcher/EventDispatcher.php\";s:4:\"line\";i:270;s:5:\"class\";s:49:\"Symfony\\Component\\EventDispatcher\\EventDispatcher\";s:4:\"type\";s:2:\"::\";s:8:\"function\";s:43:\"Symfony\\Component\\EventDispatcher\\{closure}\";}'),(52,'User \'{username}\' logged out (manually, auth_token: {token_id}, {ip})','a:4:{s:2:\"id\";i:1;s:8:\"username\";s:5:\"admin\";s:8:\"token_id\";i:27;s:2:\"ip\";s:9:\"127.0.0.1\";}',250,'NOTICE','2024-01-09 10:15:24','a:5:{s:9:\"client_ip\";s:9:\"127.0.0.1\";s:11:\"client_port\";i:80;s:3:\"uri\";s:30:\"http://nubai.local/bolt/logout\";s:12:\"query_string\";N;s:6:\"method\";s:3:\"GET\";}','a:3:{s:2:\"id\";i:1;s:8:\"username\";s:5:\"admin\";s:5:\"roles\";a:1:{i:0;s:10:\"ROLE_ADMIN\";}}',NULL,'a:5:{s:4:\"file\";s:55:\"…/vendor/symfony/event-dispatcher/EventDispatcher.php\";s:4:\"line\";i:270;s:5:\"class\";s:49:\"Symfony\\Component\\EventDispatcher\\EventDispatcher\";s:4:\"type\";s:2:\"::\";s:8:\"function\";s:43:\"Symfony\\Component\\EventDispatcher\\{closure}\";}'),(53,'User \'{username}\' logged out (manually, auth_token: {token_id}, {ip})','a:4:{s:2:\"id\";i:1;s:8:\"username\";s:5:\"admin\";s:8:\"token_id\";i:28;s:2:\"ip\";s:9:\"127.0.0.1\";}',250,'NOTICE','2024-01-13 14:02:27','a:5:{s:9:\"client_ip\";s:9:\"127.0.0.1\";s:11:\"client_port\";i:8000;s:3:\"uri\";s:33:\"http://localhost:8000/bolt/logout\";s:12:\"query_string\";N;s:6:\"method\";s:3:\"GET\";}','a:3:{s:2:\"id\";i:1;s:8:\"username\";s:5:\"admin\";s:5:\"roles\";a:1:{i:0;s:10:\"ROLE_ADMIN\";}}',NULL,'a:5:{s:4:\"file\";s:55:\"…/vendor/symfony/event-dispatcher/EventDispatcher.php\";s:4:\"line\";i:270;s:5:\"class\";s:49:\"Symfony\\Component\\EventDispatcher\\EventDispatcher\";s:4:\"type\";s:2:\"::\";s:8:\"function\";s:43:\"Symfony\\Component\\EventDispatcher\\{closure}\";}'),(54,'Saved content \"{title}\" ({content_type} № {content_id})','a:3:{s:10:\"content_id\";i:6;s:12:\"content_type\";s:8:\"services\";s:5:\"title\";s:32:\"Serviço firewall router pfSense\";}',200,'INFO','2024-01-13 21:51:57','a:5:{s:9:\"client_ip\";s:9:\"127.0.0.1\";s:11:\"client_port\";i:80;s:3:\"uri\";s:30:\"http://nubai.local/bolt/edit/6\";s:12:\"query_string\";N;s:6:\"method\";s:4:\"POST\";}','a:3:{s:2:\"id\";i:1;s:8:\"username\";s:5:\"admin\";s:5:\"roles\";a:1:{i:0;s:10:\"ROLE_ADMIN\";}}',6,'a:5:{s:4:\"file\";s:55:\"…/vendor/symfony/event-dispatcher/EventDispatcher.php\";s:4:\"line\";i:270;s:5:\"class\";s:49:\"Symfony\\Component\\EventDispatcher\\EventDispatcher\";s:4:\"type\";s:2:\"::\";s:8:\"function\";s:43:\"Symfony\\Component\\EventDispatcher\\{closure}\";}'),(55,'Saved content \"{title}\" ({content_type} № {content_id})','a:3:{s:10:\"content_id\";i:7;s:12:\"content_type\";s:8:\"services\";s:5:\"title\";s:37:\"Serviço antivirus empresas Kaspersky\";}',200,'INFO','2024-01-13 21:52:33','a:5:{s:9:\"client_ip\";s:9:\"127.0.0.1\";s:11:\"client_port\";i:80;s:3:\"uri\";s:30:\"http://nubai.local/bolt/edit/7\";s:12:\"query_string\";N;s:6:\"method\";s:4:\"POST\";}','a:3:{s:2:\"id\";i:1;s:8:\"username\";s:5:\"admin\";s:5:\"roles\";a:1:{i:0;s:10:\"ROLE_ADMIN\";}}',7,'a:5:{s:4:\"file\";s:55:\"…/vendor/symfony/event-dispatcher/EventDispatcher.php\";s:4:\"line\";i:270;s:5:\"class\";s:49:\"Symfony\\Component\\EventDispatcher\\EventDispatcher\";s:4:\"type\";s:2:\"::\";s:8:\"function\";s:43:\"Symfony\\Component\\EventDispatcher\\{closure}\";}'),(56,'Saved content \"{title}\" ({content_type} № {content_id})','a:3:{s:10:\"content_id\";i:8;s:12:\"content_type\";s:8:\"services\";s:5:\"title\";s:30:\"Serviço conectividade OpenVPN\";}',200,'INFO','2024-01-13 21:53:06','a:5:{s:9:\"client_ip\";s:9:\"127.0.0.1\";s:11:\"client_port\";i:80;s:3:\"uri\";s:30:\"http://nubai.local/bolt/edit/8\";s:12:\"query_string\";N;s:6:\"method\";s:4:\"POST\";}','a:3:{s:2:\"id\";i:1;s:8:\"username\";s:5:\"admin\";s:5:\"roles\";a:1:{i:0;s:10:\"ROLE_ADMIN\";}}',8,'a:5:{s:4:\"file\";s:55:\"…/vendor/symfony/event-dispatcher/EventDispatcher.php\";s:4:\"line\";i:270;s:5:\"class\";s:49:\"Symfony\\Component\\EventDispatcher\\EventDispatcher\";s:4:\"type\";s:2:\"::\";s:8:\"function\";s:43:\"Symfony\\Component\\EventDispatcher\\{closure}\";}'),(57,'Saved content \"{title}\" ({content_type} № {content_id})','a:3:{s:10:\"content_id\";i:7;s:12:\"content_type\";s:8:\"services\";s:5:\"title\";s:37:\"Serviço antivirus empresas Kaspersky\";}',200,'INFO','2024-01-13 21:54:11','a:5:{s:9:\"client_ip\";s:9:\"127.0.0.1\";s:11:\"client_port\";i:80;s:3:\"uri\";s:30:\"http://nubai.local/bolt/edit/7\";s:12:\"query_string\";N;s:6:\"method\";s:4:\"POST\";}','a:3:{s:2:\"id\";i:1;s:8:\"username\";s:5:\"admin\";s:5:\"roles\";a:1:{i:0;s:10:\"ROLE_ADMIN\";}}',7,'a:5:{s:4:\"file\";s:55:\"…/vendor/symfony/event-dispatcher/EventDispatcher.php\";s:4:\"line\";i:270;s:5:\"class\";s:49:\"Symfony\\Component\\EventDispatcher\\EventDispatcher\";s:4:\"type\";s:2:\"::\";s:8:\"function\";s:43:\"Symfony\\Component\\EventDispatcher\\{closure}\";}'),(58,'User \'{username}\' logged out (manually, auth_token: {token_id}, {ip})','a:4:{s:2:\"id\";i:1;s:8:\"username\";s:5:\"admin\";s:8:\"token_id\";i:30;s:2:\"ip\";s:9:\"127.0.0.1\";}',250,'NOTICE','2024-01-13 21:56:26','a:5:{s:9:\"client_ip\";s:9:\"127.0.0.1\";s:11:\"client_port\";i:80;s:3:\"uri\";s:30:\"http://nubai.local/bolt/logout\";s:12:\"query_string\";N;s:6:\"method\";s:3:\"GET\";}','a:3:{s:2:\"id\";i:1;s:8:\"username\";s:5:\"admin\";s:5:\"roles\";a:1:{i:0;s:10:\"ROLE_ADMIN\";}}',NULL,'a:5:{s:4:\"file\";s:55:\"…/vendor/symfony/event-dispatcher/EventDispatcher.php\";s:4:\"line\";i:270;s:5:\"class\";s:49:\"Symfony\\Component\\EventDispatcher\\EventDispatcher\";s:4:\"type\";s:2:\"::\";s:8:\"function\";s:43:\"Symfony\\Component\\EventDispatcher\\{closure}\";}'),(59,'User \'{username}\' logged out (manually, auth_token: {token_id}, {ip})','a:4:{s:2:\"id\";i:1;s:8:\"username\";s:5:\"admin\";s:8:\"token_id\";i:31;s:2:\"ip\";s:9:\"127.0.0.1\";}',250,'NOTICE','2024-01-13 21:57:13','a:5:{s:9:\"client_ip\";s:9:\"127.0.0.1\";s:11:\"client_port\";i:80;s:3:\"uri\";s:30:\"http://nubai.local/bolt/logout\";s:12:\"query_string\";N;s:6:\"method\";s:3:\"GET\";}','a:3:{s:2:\"id\";i:1;s:8:\"username\";s:5:\"admin\";s:5:\"roles\";a:1:{i:0;s:10:\"ROLE_ADMIN\";}}',NULL,'a:5:{s:4:\"file\";s:55:\"…/vendor/symfony/event-dispatcher/EventDispatcher.php\";s:4:\"line\";i:270;s:5:\"class\";s:49:\"Symfony\\Component\\EventDispatcher\\EventDispatcher\";s:4:\"type\";s:2:\"::\";s:8:\"function\";s:43:\"Symfony\\Component\\EventDispatcher\\{closure}\";}'),(60,'Saved content \"{title}\" ({content_type} № {content_id})','a:3:{s:10:\"content_id\";i:7;s:12:\"content_type\";s:8:\"services\";s:5:\"title\";s:37:\"Serviço antivirus empresas Kaspersky\";}',200,'INFO','2024-01-13 22:02:37','a:5:{s:9:\"client_ip\";s:9:\"127.0.0.1\";s:11:\"client_port\";i:8000;s:3:\"uri\";s:33:\"http://localhost:8000/bolt/edit/7\";s:12:\"query_string\";N;s:6:\"method\";s:4:\"POST\";}','a:3:{s:2:\"id\";i:1;s:8:\"username\";s:5:\"admin\";s:5:\"roles\";a:1:{i:0;s:10:\"ROLE_ADMIN\";}}',7,'a:5:{s:4:\"file\";s:61:\"…/vendor/symfony/event-dispatcher/Debug/WrappedListener.php\";s:4:\"line\";i:117;s:5:\"class\";s:55:\"Symfony\\Component\\EventDispatcher\\Debug\\WrappedListener\";s:4:\"type\";s:2:\"->\";s:8:\"function\";s:8:\"__invoke\";}'),(61,'Saved content \"{title}\" ({content_type} № {content_id})','a:3:{s:10:\"content_id\";i:8;s:12:\"content_type\";s:8:\"services\";s:5:\"title\";s:30:\"Serviço conectividade OpenVPN\";}',200,'INFO','2024-01-13 22:03:13','a:5:{s:9:\"client_ip\";s:9:\"127.0.0.1\";s:11:\"client_port\";i:8000;s:3:\"uri\";s:33:\"http://localhost:8000/bolt/edit/8\";s:12:\"query_string\";N;s:6:\"method\";s:4:\"POST\";}','a:3:{s:2:\"id\";i:1;s:8:\"username\";s:5:\"admin\";s:5:\"roles\";a:1:{i:0;s:10:\"ROLE_ADMIN\";}}',8,'a:5:{s:4:\"file\";s:61:\"…/vendor/symfony/event-dispatcher/Debug/WrappedListener.php\";s:4:\"line\";i:117;s:5:\"class\";s:55:\"Symfony\\Component\\EventDispatcher\\Debug\\WrappedListener\";s:4:\"type\";s:2:\"->\";s:8:\"function\";s:8:\"__invoke\";}'),(62,'Saved content \"{title}\" ({content_type} № {content_id})','a:3:{s:10:\"content_id\";i:6;s:12:\"content_type\";s:8:\"services\";s:5:\"title\";s:32:\"Serviço firewall router pfSense\";}',200,'INFO','2024-01-13 22:04:00','a:5:{s:9:\"client_ip\";s:9:\"127.0.0.1\";s:11:\"client_port\";i:8000;s:3:\"uri\";s:33:\"http://localhost:8000/bolt/edit/6\";s:12:\"query_string\";N;s:6:\"method\";s:4:\"POST\";}','a:3:{s:2:\"id\";i:1;s:8:\"username\";s:5:\"admin\";s:5:\"roles\";a:1:{i:0;s:10:\"ROLE_ADMIN\";}}',6,'a:5:{s:4:\"file\";s:61:\"…/vendor/symfony/event-dispatcher/Debug/WrappedListener.php\";s:4:\"line\";i:117;s:5:\"class\";s:55:\"Symfony\\Component\\EventDispatcher\\Debug\\WrappedListener\";s:4:\"type\";s:2:\"->\";s:8:\"function\";s:8:\"__invoke\";}'),(63,'User \'{username}\' logged out (manually, auth_token: {token_id}, {ip})','a:4:{s:2:\"id\";i:1;s:8:\"username\";s:5:\"admin\";s:8:\"token_id\";i:32;s:2:\"ip\";s:9:\"127.0.0.1\";}',250,'NOTICE','2024-01-13 22:07:04','a:5:{s:9:\"client_ip\";s:9:\"127.0.0.1\";s:11:\"client_port\";i:8000;s:3:\"uri\";s:33:\"http://localhost:8000/bolt/logout\";s:12:\"query_string\";N;s:6:\"method\";s:3:\"GET\";}','a:3:{s:2:\"id\";i:1;s:8:\"username\";s:5:\"admin\";s:5:\"roles\";a:1:{i:0;s:10:\"ROLE_ADMIN\";}}',NULL,'a:5:{s:4:\"file\";s:55:\"…/vendor/symfony/event-dispatcher/EventDispatcher.php\";s:4:\"line\";i:270;s:5:\"class\";s:49:\"Symfony\\Component\\EventDispatcher\\EventDispatcher\";s:4:\"type\";s:2:\"::\";s:8:\"function\";s:43:\"Symfony\\Component\\EventDispatcher\\{closure}\";}'),(64,'User \'{username}\' logged out (manually, auth_token: {token_id}, {ip})','a:4:{s:2:\"id\";i:1;s:8:\"username\";s:5:\"admin\";s:8:\"token_id\";i:33;s:2:\"ip\";s:9:\"127.0.0.1\";}',250,'NOTICE','2024-01-20 20:08:42','a:5:{s:9:\"client_ip\";s:9:\"127.0.0.1\";s:11:\"client_port\";i:8000;s:3:\"uri\";s:35:\"http://nubai.local:8000/mvca/logout\";s:12:\"query_string\";N;s:6:\"method\";s:3:\"GET\";}','a:3:{s:2:\"id\";i:1;s:8:\"username\";s:5:\"admin\";s:5:\"roles\";a:1:{i:0;s:10:\"ROLE_ADMIN\";}}',NULL,'a:5:{s:4:\"file\";s:55:\"…/vendor/symfony/event-dispatcher/EventDispatcher.php\";s:4:\"line\";i:270;s:5:\"class\";s:49:\"Symfony\\Component\\EventDispatcher\\EventDispatcher\";s:4:\"type\";s:2:\"::\";s:8:\"function\";s:43:\"Symfony\\Component\\EventDispatcher\\{closure}\";}'),(65,'User \'{username}\' logged out (manually, auth_token: {token_id}, {ip})','a:4:{s:2:\"id\";i:1;s:8:\"username\";s:5:\"admin\";s:8:\"token_id\";i:34;s:2:\"ip\";s:9:\"127.0.0.1\";}',250,'NOTICE','2024-01-20 20:17:22','a:5:{s:9:\"client_ip\";s:9:\"127.0.0.1\";s:11:\"client_port\";i:80;s:3:\"uri\";s:30:\"http://nubai.local/mvca/logout\";s:12:\"query_string\";N;s:6:\"method\";s:3:\"GET\";}','a:3:{s:2:\"id\";i:1;s:8:\"username\";s:5:\"admin\";s:5:\"roles\";a:1:{i:0;s:10:\"ROLE_ADMIN\";}}',NULL,'a:5:{s:4:\"file\";s:55:\"…/vendor/symfony/event-dispatcher/EventDispatcher.php\";s:4:\"line\";i:270;s:5:\"class\";s:49:\"Symfony\\Component\\EventDispatcher\\EventDispatcher\";s:4:\"type\";s:2:\"::\";s:8:\"function\";s:43:\"Symfony\\Component\\EventDispatcher\\{closure}\";}'),(66,'User \'{username}\' logged out (manually, auth_token: {token_id}, {ip})','a:4:{s:2:\"id\";i:1;s:8:\"username\";s:5:\"admin\";s:8:\"token_id\";i:35;s:2:\"ip\";s:9:\"127.0.0.1\";}',250,'NOTICE','2024-02-07 18:05:20','a:5:{s:9:\"client_ip\";s:9:\"127.0.0.1\";s:11:\"client_port\";i:80;s:3:\"uri\";s:30:\"http://nubai.local/mvca/logout\";s:12:\"query_string\";N;s:6:\"method\";s:3:\"GET\";}','a:3:{s:2:\"id\";i:1;s:8:\"username\";s:5:\"admin\";s:5:\"roles\";a:1:{i:0;s:10:\"ROLE_ADMIN\";}}',NULL,'a:5:{s:4:\"file\";s:55:\"…/vendor/symfony/event-dispatcher/EventDispatcher.php\";s:4:\"line\";i:270;s:5:\"class\";s:49:\"Symfony\\Component\\EventDispatcher\\EventDispatcher\";s:4:\"type\";s:2:\"::\";s:8:\"function\";s:43:\"Symfony\\Component\\EventDispatcher\\{closure}\";}');
/*!40000 ALTER TABLE `bolt_log` ENABLE KEYS */;
UNLOCK TABLES;

--
-- Table structure for table `bolt_media`
--

DROP TABLE IF EXISTS `bolt_media`;
/*!40101 SET @saved_cs_client     = @@character_set_client */;
/*!50503 SET character_set_client = utf8mb4 */;
CREATE TABLE `bolt_media` (
  `id` int NOT NULL AUTO_INCREMENT,
  `author_id` int DEFAULT NULL,
  `location` varchar(191) COLLATE utf8mb4_unicode_ci NOT NULL,
  `path` text COLLATE utf8mb4_unicode_ci NOT NULL,
  `filename` varchar(191) COLLATE utf8mb4_unicode_ci NOT NULL,
  `type` varchar(191) COLLATE utf8mb4_unicode_ci NOT NULL,
  `width` int DEFAULT NULL,
  `height` int DEFAULT NULL,
  `filesize` int DEFAULT NULL,
  `crop_x` int DEFAULT NULL,
  `crop_y` int DEFAULT NULL,
  `crop_zoom` double DEFAULT NULL,
  `created_at` datetime NOT NULL,
  `modified_at` datetime NOT NULL,
  `title` varchar(191) COLLATE utf8mb4_unicode_ci DEFAULT NULL,
  `description` varchar(1000) COLLATE utf8mb4_unicode_ci DEFAULT NULL,
  `original_filename` varchar(1000) COLLATE utf8mb4_unicode_ci DEFAULT NULL,
  `copyright` varchar(191) COLLATE utf8mb4_unicode_ci DEFAULT NULL,
  PRIMARY KEY (`id`),
  KEY `IDX_7BF75FB1F675F31B` (`author_id`),
  CONSTRAINT `FK_7BF75FB1F675F31B` FOREIGN KEY (`author_id`) REFERENCES `bolt_user` (`id`)
) ENGINE=InnoDB AUTO_INCREMENT=16 DEFAULT CHARSET=utf8mb4 COLLATE=utf8mb4_unicode_ci;
/*!40101 SET character_set_client = @saved_cs_client */;

--
-- Dumping data for table `bolt_media`
--

LOCK TABLES `bolt_media` WRITE;
/*!40000 ALTER TABLE `bolt_media` DISABLE KEYS */;
INSERT INTO `bolt_media` VALUES (1,1,'files','pages/2023/11','pfsense-logo.png','png',3060,900,73119,NULL,NULL,NULL,'2023-11-29 11:28:31','2023-11-29 11:28:31','pfsense-logo.png',NULL,NULL,NULL),(2,1,'files','pages/2023/11','kaspersky-logo.png','png',4088,838,564633,NULL,NULL,NULL,'2023-11-29 11:36:09','2023-11-29 11:36:09','kaspersky-logo.png',NULL,NULL,NULL),(3,1,'files','pages/2023/11','openvpn-logo.png','png',2695,546,354027,NULL,NULL,NULL,'2023-11-29 11:45:25','2023-11-29 11:45:25','openvpn-logo.png',NULL,NULL,NULL),(4,1,'files','services/2023/12','pfsense-logo.png','png',3060,900,73119,NULL,NULL,NULL,'2023-12-04 16:02:39','2023-12-04 16:02:39','pfsense-logo.png',NULL,NULL,NULL),(5,1,'files','services/2023/12','kaspersky-logo.png','png',4088,838,389802,NULL,NULL,NULL,'2023-12-04 16:22:13','2023-12-04 16:22:13','kaspersky-logo.png',NULL,NULL,NULL),(6,1,'files','services/2023/12','openvpn-logo.png','png',2695,546,243505,NULL,NULL,NULL,'2023-12-04 16:32:24','2023-12-04 16:32:24','openvpn-logo.png',NULL,NULL,NULL),(7,1,'files','','nubai-logo2.png','png',611,595,28073,NULL,NULL,NULL,'2024-01-13 21:54:32','2024-01-13 21:54:32','nubai-logo2.png',NULL,NULL,NULL),(8,1,'files','services/2024/01','pfsense-logo-mod.png','png',1000,294,29538,NULL,NULL,NULL,'2024-01-13 22:03:53','2024-01-13 22:03:53','pfsense-logo-mod.png',NULL,NULL,NULL),(9,1,'files','services/2024/01','openvpn-logo-mod.png','png',1000,203,63531,NULL,NULL,NULL,'2024-01-13 22:03:03','2024-01-13 22:03:03','openvpn-logo-mod.png',NULL,NULL,NULL),(10,1,'files','services/2024/01','kaspersky-logo-mod.png','png',1000,205,59509,NULL,NULL,NULL,'2024-01-13 22:02:14','2024-01-13 22:02:14','kaspersky-logo-mod.png',NULL,NULL,NULL),(11,1,'files','favicon','android-chrome-192x192.png','png',192,192,15352,NULL,NULL,NULL,'2024-01-20 20:17:04','2024-01-20 20:17:04','android-chrome-192x192.png',NULL,NULL,NULL),(12,1,'files','favicon','android-chrome-512x512.png','png',512,512,58883,NULL,NULL,NULL,'2024-01-20 20:17:04','2024-01-20 20:17:04','android-chrome-512x512.png',NULL,NULL,NULL),(13,1,'files','favicon','apple-touch-icon.png','png',180,180,13739,NULL,NULL,NULL,'2024-01-20 20:17:04','2024-01-20 20:17:04','apple-touch-icon.png',NULL,NULL,NULL),(14,1,'files','favicon','favicon-16x16.png','png',16,16,766,NULL,NULL,NULL,'2024-01-20 20:17:04','2024-01-20 20:17:04','favicon-16x16.png',NULL,NULL,NULL),(15,1,'files','favicon','favicon-32x32.png','png',32,32,1712,NULL,NULL,NULL,'2024-01-20 20:17:04','2024-01-20 20:17:04','favicon-32x32.png',NULL,NULL,NULL);
/*!40000 ALTER TABLE `bolt_media` ENABLE KEYS */;
UNLOCK TABLES;

--
-- Table structure for table `bolt_relation`
--

DROP TABLE IF EXISTS `bolt_relation`;
/*!40101 SET @saved_cs_client     = @@character_set_client */;
/*!50503 SET character_set_client = utf8mb4 */;
CREATE TABLE `bolt_relation` (
  `id` int NOT NULL AUTO_INCREMENT,
  `from_content_id` int NOT NULL,
  `to_content_id` int NOT NULL,
  `position` int NOT NULL,
  PRIMARY KEY (`id`),
  KEY `IDX_3431ED74AF0465EA` (`from_content_id`),
  KEY `IDX_3431ED74A3934190` (`to_content_id`),
  CONSTRAINT `FK_3431ED74A3934190` FOREIGN KEY (`to_content_id`) REFERENCES `bolt_content` (`id`) ON DELETE CASCADE,
  CONSTRAINT `FK_3431ED74AF0465EA` FOREIGN KEY (`from_content_id`) REFERENCES `bolt_content` (`id`) ON DELETE CASCADE
) ENGINE=InnoDB DEFAULT CHARSET=utf8mb4 COLLATE=utf8mb4_unicode_ci;
/*!40101 SET character_set_client = @saved_cs_client */;

--
-- Dumping data for table `bolt_relation`
--

LOCK TABLES `bolt_relation` WRITE;
/*!40000 ALTER TABLE `bolt_relation` DISABLE KEYS */;
/*!40000 ALTER TABLE `bolt_relation` ENABLE KEYS */;
UNLOCK TABLES;

--
-- Table structure for table `bolt_reset_password_request`
--

DROP TABLE IF EXISTS `bolt_reset_password_request`;
/*!40101 SET @saved_cs_client     = @@character_set_client */;
/*!50503 SET character_set_client = utf8mb4 */;
CREATE TABLE `bolt_reset_password_request` (
  `id` int NOT NULL AUTO_INCREMENT,
  `user_id` int NOT NULL,
  `selector` varchar(20) COLLATE utf8mb4_unicode_ci NOT NULL,
  `hashed_token` varchar(100) COLLATE utf8mb4_unicode_ci NOT NULL,
  `requested_at` datetime NOT NULL COMMENT '(DC2Type:datetime_immutable)',
  `expires_at` datetime NOT NULL COMMENT '(DC2Type:datetime_immutable)',
  PRIMARY KEY (`id`),
  KEY `IDX_D04070DCA76ED395` (`user_id`),
  CONSTRAINT `FK_D04070DCA76ED395` FOREIGN KEY (`user_id`) REFERENCES `bolt_user` (`id`)
) ENGINE=InnoDB DEFAULT CHARSET=utf8mb4 COLLATE=utf8mb4_unicode_ci;
/*!40101 SET character_set_client = @saved_cs_client */;

--
-- Dumping data for table `bolt_reset_password_request`
--

LOCK TABLES `bolt_reset_password_request` WRITE;
/*!40000 ALTER TABLE `bolt_reset_password_request` DISABLE KEYS */;
/*!40000 ALTER TABLE `bolt_reset_password_request` ENABLE KEYS */;
UNLOCK TABLES;

--
-- Table structure for table `bolt_taxonomy`
--

DROP TABLE IF EXISTS `bolt_taxonomy`;
/*!40101 SET @saved_cs_client     = @@character_set_client */;
/*!50503 SET character_set_client = utf8mb4 */;
CREATE TABLE `bolt_taxonomy` (
  `id` int NOT NULL AUTO_INCREMENT,
  `type` varchar(191) COLLATE utf8mb4_unicode_ci NOT NULL,
  `slug` varchar(191) COLLATE utf8mb4_unicode_ci NOT NULL,
  `name` varchar(191) COLLATE utf8mb4_unicode_ci NOT NULL,
  `sortorder` int NOT NULL,
  PRIMARY KEY (`id`)
) ENGINE=InnoDB AUTO_INCREMENT=2 DEFAULT CHARSET=utf8mb4 COLLATE=utf8mb4_unicode_ci;
/*!40101 SET character_set_client = @saved_cs_client */;

--
-- Dumping data for table `bolt_taxonomy`
--

LOCK TABLES `bolt_taxonomy` WRITE;
/*!40000 ALTER TABLE `bolt_taxonomy` DISABLE KEYS */;
INSERT INTO `bolt_taxonomy` VALUES (1,'groups','services','O grupo dos serviços',0);
/*!40000 ALTER TABLE `bolt_taxonomy` ENABLE KEYS */;
UNLOCK TABLES;

--
-- Table structure for table `bolt_taxonomy_content`
--

DROP TABLE IF EXISTS `bolt_taxonomy_content`;
/*!40101 SET @saved_cs_client     = @@character_set_client */;
/*!50503 SET character_set_client = utf8mb4 */;
CREATE TABLE `bolt_taxonomy_content` (
  `taxonomy_id` int NOT NULL,
  `content_id` int NOT NULL,
  PRIMARY KEY (`taxonomy_id`,`content_id`),
  KEY `IDX_C5BCC03C9557E6F6` (`taxonomy_id`),
  KEY `IDX_C5BCC03C84A0A3ED` (`content_id`),
  CONSTRAINT `FK_C5BCC03C84A0A3ED` FOREIGN KEY (`content_id`) REFERENCES `bolt_content` (`id`) ON DELETE CASCADE,
  CONSTRAINT `FK_C5BCC03C9557E6F6` FOREIGN KEY (`taxonomy_id`) REFERENCES `bolt_taxonomy` (`id`) ON DELETE CASCADE
) ENGINE=InnoDB DEFAULT CHARSET=utf8mb4 COLLATE=utf8mb4_unicode_ci;
/*!40101 SET character_set_client = @saved_cs_client */;

--
-- Dumping data for table `bolt_taxonomy_content`
--

LOCK TABLES `bolt_taxonomy_content` WRITE;
/*!40000 ALTER TABLE `bolt_taxonomy_content` DISABLE KEYS */;
/*!40000 ALTER TABLE `bolt_taxonomy_content` ENABLE KEYS */;
UNLOCK TABLES;

--
-- Table structure for table `bolt_user`
--

DROP TABLE IF EXISTS `bolt_user`;
/*!40101 SET @saved_cs_client     = @@character_set_client */;
/*!50503 SET character_set_client = utf8mb4 */;
CREATE TABLE `bolt_user` (
  `id` int NOT NULL AUTO_INCREMENT,
  `display_name` varchar(255) COLLATE utf8mb4_unicode_ci NOT NULL,
  `username` varchar(191) COLLATE utf8mb4_unicode_ci NOT NULL,
  `email` varchar(191) COLLATE utf8mb4_unicode_ci NOT NULL,
  `password` varchar(191) COLLATE utf8mb4_unicode_ci NOT NULL,
  `roles` json NOT NULL,
  `lastseen_at` datetime DEFAULT NULL,
  `last_ip` varchar(100) COLLATE utf8mb4_unicode_ci DEFAULT NULL,
  `locale` varchar(191) COLLATE utf8mb4_unicode_ci DEFAULT NULL,
  `backend_theme` varchar(191) COLLATE utf8mb4_unicode_ci DEFAULT NULL,
  `status` varchar(30) COLLATE utf8mb4_unicode_ci NOT NULL DEFAULT 'enabled',
  `avatar` varchar(250) COLLATE utf8mb4_unicode_ci DEFAULT NULL,
  PRIMARY KEY (`id`),
  UNIQUE KEY `UNIQ_57663792F85E0677` (`username`),
  UNIQUE KEY `UNIQ_57663792E7927C74` (`email`)
) ENGINE=InnoDB AUTO_INCREMENT=2 DEFAULT CHARSET=utf8mb4 COLLATE=utf8mb4_unicode_ci;
/*!40101 SET character_set_client = @saved_cs_client */;

--
-- Dumping data for table `bolt_user`
--

LOCK TABLES `bolt_user` WRITE;
/*!40000 ALTER TABLE `bolt_user` DISABLE KEYS */;
INSERT INTO `bolt_user` VALUES (1,'Ricardo Ponce','admin','ricardo.ponce@nubai.com.cv','$2y$13$w5OY7dySDweNamCKWIdHfuyO9cZEUpATqHD8/1paUe/HS9QJZ0v5a','[\"ROLE_ADMIN\"]','2024-02-07 17:43:50','127.0.0.1','pt_BR','default','enabled',NULL);
/*!40000 ALTER TABLE `bolt_user` ENABLE KEYS */;
UNLOCK TABLES;

--
-- Table structure for table `bolt_user_auth_token`
--

DROP TABLE IF EXISTS `bolt_user_auth_token`;
/*!40101 SET @saved_cs_client     = @@character_set_client */;
/*!50503 SET character_set_client = utf8mb4 */;
CREATE TABLE `bolt_user_auth_token` (
  `id` int NOT NULL AUTO_INCREMENT,
  `user_id` int DEFAULT NULL,
  `useragent` varchar(255) COLLATE utf8mb4_unicode_ci NOT NULL,
  `validity` datetime NOT NULL,
  PRIMARY KEY (`id`),
  KEY `IDX_8B90D313A76ED395` (`user_id`),
  CONSTRAINT `FK_8B90D313A76ED395` FOREIGN KEY (`user_id`) REFERENCES `bolt_user` (`id`)
) ENGINE=InnoDB AUTO_INCREMENT=36 DEFAULT CHARSET=utf8mb4 COLLATE=utf8mb4_unicode_ci;
/*!40101 SET character_set_client = @saved_cs_client */;

--
-- Dumping data for table `bolt_user_auth_token`
--

LOCK TABLES `bolt_user_auth_token` WRITE;
/*!40000 ALTER TABLE `bolt_user_auth_token` DISABLE KEYS */;
INSERT INTO `bolt_user_auth_token` VALUES (1,1,'Firefox 115.0/Linux','2023-11-30 12:39:58'),(2,1,'Firefox 115.0/Linux','2023-12-06 10:40:42'),(3,1,'Firefox 115.0/Linux','2023-12-09 23:52:02'),(4,1,'Firefox 115.0/Linux','2023-12-13 10:52:08'),(5,1,'Firefox 115.0/Linux','2023-12-16 20:12:54'),(6,1,'Firefox 115.0/Linux','2023-12-16 22:17:58'),(7,1,'Firefox 115.0/Linux','2023-12-18 09:28:20'),(8,1,'Firefox 115.0/Linux','2023-12-18 15:15:26'),(9,1,'Firefox 115.0/Linux','2023-12-19 13:47:17'),(10,1,'Firefox 115.0/Linux','2023-12-20 10:25:15'),(11,1,'Firefox 115.0/Linux','2023-12-20 10:25:56'),(12,1,'Firefox 115.0/Linux','2023-12-20 11:32:07'),(13,1,'Firefox 115.0/Linux','2023-12-20 11:46:57'),(14,1,'Firefox 115.0/Linux','2023-12-20 15:47:08'),(15,1,'Firefox 115.0/Linux','2023-12-20 16:38:12'),(16,1,'Firefox 115.0/Linux','2023-12-20 22:43:30'),(17,1,'Firefox 115.0/Linux','2023-12-21 15:50:57'),(18,1,'Firefox 115.0/Linux','2023-12-21 17:22:51'),(19,1,'Firefox 115.0/Linux','2023-12-21 18:32:49'),(20,1,'Firefox 115.0/Linux','2023-12-22 10:02:49'),(21,1,'Firefox 115.0/Linux','2023-12-22 17:06:50'),(22,1,'Firefox 115.0/Linux','2023-12-23 09:31:00'),(23,1,'Firefox 115.0/Linux','2023-12-25 10:03:29'),(24,1,'Firefox 115.0/Linux','2023-12-25 19:25:10'),(25,1,'Firefox 115.0/Linux','2023-12-28 19:21:07'),(26,1,'Firefox 115.0/Linux','2024-01-21 21:10:25'),(27,1,'Firefox 115.0/Linux','2024-01-23 09:30:08'),(28,1,'Firefox 115.0/Linux','2024-01-27 13:57:38'),(29,1,'Firefox 115.0/Linux','2024-01-27 21:48:46'),(30,1,'Firefox 115.0/Linux','2024-01-27 21:51:26'),(31,1,'Firefox 115.0/Linux','2024-01-27 21:57:05'),(32,1,'Firefox 115.0/Linux','2024-01-27 22:01:16'),(33,1,'Firefox 115.0/Linux','2024-02-03 19:40:26'),(34,1,'Firefox 115.0/Linux','2024-02-03 20:16:22'),(35,1,'Firefox 115.0/Linux','2024-02-21 17:43:50');
/*!40000 ALTER TABLE `bolt_user_auth_token` ENABLE KEYS */;
UNLOCK TABLES;
/*!40103 SET TIME_ZONE=@OLD_TIME_ZONE */;

/*!40101 SET SQL_MODE=@OLD_SQL_MODE */;
/*!40014 SET FOREIGN_KEY_CHECKS=@OLD_FOREIGN_KEY_CHECKS */;
/*!40014 SET UNIQUE_CHECKS=@OLD_UNIQUE_CHECKS */;
/*!40101 SET CHARACTER_SET_CLIENT=@OLD_CHARACTER_SET_CLIENT */;
/*!40101 SET CHARACTER_SET_RESULTS=@OLD_CHARACTER_SET_RESULTS */;
/*!40101 SET COLLATION_CONNECTION=@OLD_COLLATION_CONNECTION */;
/*!40111 SET SQL_NOTES=@OLD_SQL_NOTES */;

-- Dump completed on 2024-04-05 10:29:48
